Fold,rank,feature,original_index
1,1,mol2vec_000,0
1,2,mol2vec_001,1
1,3,mol2vec_002,2
1,4,mol2vec_003,3
1,5,mol2vec_004,4
1,6,mol2vec_005,5
1,7,mol2vec_006,6
1,8,mol2vec_007,7
1,9,mol2vec_008,8
1,10,mol2vec_009,9
1,11,mol2vec_010,10
1,12,mol2vec_011,11
1,13,mol2vec_012,12
1,14,mol2vec_013,13
1,15,mol2vec_014,14
1,16,mol2vec_015,15
1,17,mol2vec_016,16
1,18,mol2vec_017,17
1,19,mol2vec_018,18
1,20,mol2vec_019,19
1,21,mol2vec_020,20
1,22,mol2vec_021,21
1,23,mol2vec_022,22
1,24,mol2vec_023,23
1,25,mol2vec_024,24
1,26,mol2vec_025,25
1,27,mol2vec_026,26
1,28,mol2vec_027,27
1,29,mol2vec_028,28
1,30,mol2vec_029,29
1,31,mol2vec_030,30
1,32,mol2vec_031,31
1,33,mol2vec_032,32
1,34,mol2vec_033,33
1,35,mol2vec_034,34
1,36,mol2vec_035,35
1,37,mol2vec_036,36
1,38,mol2vec_037,37
1,39,mol2vec_038,38
1,40,mol2vec_039,39
1,41,mol2vec_040,40
1,42,mol2vec_041,41
1,43,mol2vec_042,42
1,44,mol2vec_043,43
1,45,mol2vec_044,44
1,46,mol2vec_045,45
1,47,mol2vec_046,46
1,48,mol2vec_047,47
1,49,mol2vec_048,48
1,50,mol2vec_049,49
1,51,mol2vec_050,50
1,52,mol2vec_051,51
1,53,mol2vec_052,52
1,54,mol2vec_053,53
1,55,mol2vec_054,54
1,56,mol2vec_055,55
1,57,mol2vec_056,56
1,58,mol2vec_057,57
1,59,mol2vec_058,58
1,60,mol2vec_059,59
1,61,mol2vec_060,60
1,62,mol2vec_061,61
1,63,mol2vec_062,62
1,64,mol2vec_063,63
1,65,feature_157,221
1,66,feature_709,773
1,67,feature_855,919
1,68,feature_817,881
1,69,feature_447,511
1,70,feature_57,121
1,71,feature_322,386
1,72,feature_209,273
1,73,feature_708,772
1,74,feature_807,871
1,75,feature_1002,1066
1,76,feature_32,96
1,77,feature_726,790
1,78,feature_694,758
1,79,feature_414,478
1,80,feature_180,244
1,81,feature_775,839
1,82,feature_526,590
1,83,feature_117,181
1,84,feature_231,295
1,85,feature_375,439
1,86,feature_879,943
1,87,feature_364,428
1,88,feature_104,168
1,89,feature_405,469
1,90,feature_889,953
1,91,feature_620,684
1,92,feature_346,410
1,93,feature_735,799
1,94,feature_515,579
1,95,feature_452,516
1,96,feature_529,593
1,97,feature_659,723
1,98,feature_381,445
1,99,feature_74,138
1,100,feature_179,243
1,101,feature_243,307
1,102,feature_473,537
1,103,feature_572,636
1,104,feature_386,450
1,105,feature_797,861
1,106,feature_409,473
1,107,feature_116,180
1,108,feature_553,617
1,109,feature_403,467
1,110,feature_483,547
1,111,feature_187,251
1,112,feature_695,759
1,113,feature_293,357
1,114,feature_973,1037
1,115,feature_376,440
1,116,feature_15,79
1,117,feature_198,262
1,118,feature_825,889
1,119,feature_489,553
1,120,feature_138,202
1,121,feature_502,566
1,122,feature_64,128
1,123,feature_899,963
1,124,feature_48,112
1,125,feature_22,86
1,126,feature_787,851
1,127,feature_284,348
1,128,feature_125,189
1,129,feature_930,994
1,130,feature_497,561
1,131,feature_689,753
1,132,feature_58,122
1,133,feature_217,281
1,134,feature_33,97
1,135,feature_156,220
1,136,feature_993,1057
1,137,feature_288,352
1,138,feature_934,998
1,139,feature_151,215
1,140,feature_792,856
1,141,feature_416,480
1,142,feature_326,390
1,143,feature_201,265
1,144,feature_477,541
1,145,feature_94,158
1,146,feature_460,524
1,147,feature_928,992
1,148,feature_759,823
1,149,feature_398,462
1,150,feature_181,245
1,151,feature_229,293
1,152,feature_818,882
1,153,feature_867,931
1,154,feature_940,1004
1,155,feature_10,74
1,156,feature_189,253
1,157,feature_811,875
1,158,feature_711,775
1,159,feature_567,631
1,160,feature_171,235
1,161,feature_849,913
1,162,feature_961,1025
1,163,feature_593,657
1,164,feature_333,397
1,165,feature_649,713
1,166,feature_566,630
1,167,feature_290,354
1,168,feature_317,381
1,169,feature_654,718
1,170,feature_263,327
1,171,feature_866,930
1,172,feature_176,240
1,173,feature_975,1039
1,174,feature_121,185
1,175,feature_142,206
1,176,feature_59,123
1,177,feature_417,481
1,178,feature_733,797
1,179,feature_341,405
1,180,feature_503,567
1,181,feature_49,113
1,182,feature_1019,1083
1,183,feature_1020,1084
1,184,feature_294,358
1,185,feature_795,859
1,186,feature_966,1030
1,187,feature_421,485
1,188,feature_968,1032
1,189,feature_698,762
1,190,feature_556,620
1,191,feature_925,989
1,192,feature_30,94
1,193,feature_646,710
1,194,feature_922,986
1,195,feature_960,1024
1,196,feature_88,152
1,197,feature_576,640
1,198,feature_308,372
1,199,feature_712,776
1,200,feature_560,624
1,201,feature_136,200
1,202,feature_402,466
1,203,feature_166,230
1,204,feature_134,198
1,205,feature_239,303
1,206,feature_425,489
1,207,feature_72,136
1,208,feature_359,423
1,209,feature_580,644
1,210,feature_662,726
1,211,feature_815,879
1,212,feature_531,595
1,213,feature_990,1054
1,214,feature_432,496
1,215,feature_170,234
1,216,feature_65,129
1,217,feature_404,468
1,218,feature_505,569
1,219,feature_451,515
1,220,feature_260,324
1,221,feature_52,116
1,222,feature_587,651
1,223,feature_73,137
1,224,feature_27,91
1,225,feature_637,701
1,226,feature_14,78
1,227,feature_279,343
1,228,feature_70,134
1,229,feature_812,876
1,230,feature_745,809
1,231,feature_329,393
1,232,feature_999,1063
1,233,feature_315,379
1,234,feature_292,356
1,235,feature_742,806
1,236,feature_193,257
1,237,feature_146,210
1,238,feature_275,339
1,239,feature_412,476
1,240,feature_373,437
1,241,feature_648,712
1,242,feature_391,455
1,243,feature_37,101
1,244,feature_1003,1067
1,245,feature_370,434
1,246,feature_314,378
1,247,feature_441,505
1,248,feature_367,431
1,249,feature_50,114
1,250,feature_565,629
1,251,feature_780,844
1,252,feature_749,813
1,253,feature_9,73
1,254,feature_7,71
1,255,feature_318,382
1,256,feature_983,1047
1,257,feature_428,492
1,258,feature_591,655
1,259,feature_1,65
1,260,feature_693,757
1,261,feature_418,482
1,262,feature_862,926
1,263,feature_865,929
1,264,feature_39,103
1,265,feature_921,985
1,266,feature_133,197
1,267,feature_267,331
1,268,feature_274,338
1,269,feature_979,1043
1,270,feature_974,1038
1,271,feature_255,319
1,272,feature_609,673
1,273,feature_802,866
1,274,feature_476,540
1,275,feature_312,376
1,276,feature_945,1009
1,277,feature_813,877
1,278,feature_163,227
1,279,feature_645,709
1,280,feature_498,562
1,281,feature_688,752
1,282,feature_338,402
1,283,feature_216,280
1,284,feature_11,75
1,285,feature_173,237
1,286,feature_149,213
1,287,feature_936,1000
1,288,feature_161,225
1,289,feature_991,1055
1,290,feature_195,259
1,291,feature_401,465
1,292,feature_665,729
1,293,feature_903,967
1,294,feature_785,849
1,295,feature_101,165
1,296,feature_122,186
1,297,feature_948,1012
1,298,feature_810,874
1,299,feature_964,1028
1,300,feature_789,853
1,301,feature_959,1023
1,302,feature_898,962
1,303,feature_42,106
1,304,feature_939,1003
1,305,feature_514,578
1,306,feature_864,928
1,307,feature_222,286
1,308,feature_883,947
1,309,feature_334,398
1,310,feature_755,819
1,311,feature_970,1034
1,312,feature_324,388
1,313,feature_640,704
1,314,feature_440,504
1,315,feature_881,945
1,316,feature_680,744
1,317,feature_575,639
1,318,feature_28,92
1,319,feature_24,88
1,320,feature_84,148
1,321,feature_541,605
1,322,feature_861,925
1,323,feature_1017,1081
1,324,feature_806,870
1,325,feature_3,67
1,326,feature_823,887
1,327,feature_938,1002
1,328,feature_683,747
1,329,feature_564,628
1,330,feature_668,732
1,331,feature_1001,1065
1,332,feature_875,939
1,333,feature_335,399
1,334,feature_469,533
1,335,feature_635,699
1,336,feature_804,868
1,337,feature_558,622
1,338,feature_650,714
1,339,feature_291,355
1,340,feature_493,557
1,341,feature_366,430
1,342,feature_703,767
1,343,feature_610,674
1,344,feature_283,347
1,345,feature_439,503
1,346,feature_352,416
1,347,feature_927,991
1,348,feature_884,948
1,349,feature_702,766
1,350,feature_120,184
1,351,feature_681,745
1,352,feature_707,771
1,353,feature_747,811
1,354,feature_272,336
1,355,feature_920,984
1,356,feature_98,162
1,357,feature_878,942
1,358,feature_445,509
1,359,feature_320,384
1,360,feature_278,342
1,361,feature_952,1016
1,362,feature_976,1040
1,363,feature_197,261
1,364,feature_658,722
1,365,feature_512,576
1,366,feature_115,179
1,367,feature_411,475
1,368,feature_486,550
1,369,feature_427,491
1,370,feature_845,909
1,371,feature_107,171
1,372,feature_86,150
1,373,feature_8,72
1,374,feature_643,707
1,375,feature_837,901
1,376,feature_479,543
1,377,feature_737,801
1,378,feature_842,906
1,379,feature_877,941
1,380,feature_66,130
1,381,feature_249,313
1,382,feature_408,472
1,383,feature_424,488
1,384,feature_139,203
2,1,mol2vec_000,0
2,2,mol2vec_001,1
2,3,mol2vec_002,2
2,4,mol2vec_003,3
2,5,mol2vec_004,4
2,6,mol2vec_005,5
2,7,mol2vec_006,6
2,8,mol2vec_007,7
2,9,mol2vec_008,8
2,10,mol2vec_009,9
2,11,mol2vec_010,10
2,12,mol2vec_011,11
2,13,mol2vec_012,12
2,14,mol2vec_013,13
2,15,mol2vec_014,14
2,16,mol2vec_015,15
2,17,mol2vec_016,16
2,18,mol2vec_017,17
2,19,mol2vec_018,18
2,20,mol2vec_019,19
2,21,mol2vec_020,20
2,22,mol2vec_021,21
2,23,mol2vec_022,22
2,24,mol2vec_023,23
2,25,mol2vec_024,24
2,26,mol2vec_025,25
2,27,mol2vec_026,26
2,28,mol2vec_027,27
2,29,mol2vec_028,28
2,30,mol2vec_029,29
2,31,mol2vec_030,30
2,32,mol2vec_031,31
2,33,mol2vec_032,32
2,34,mol2vec_033,33
2,35,mol2vec_034,34
2,36,mol2vec_035,35
2,37,mol2vec_036,36
2,38,mol2vec_037,37
2,39,mol2vec_038,38
2,40,mol2vec_039,39
2,41,mol2vec_040,40
2,42,mol2vec_041,41
2,43,mol2vec_042,42
2,44,mol2vec_043,43
2,45,mol2vec_044,44
2,46,mol2vec_045,45
2,47,mol2vec_046,46
2,48,mol2vec_047,47
2,49,mol2vec_048,48
2,50,mol2vec_049,49
2,51,mol2vec_050,50
2,52,mol2vec_051,51
2,53,mol2vec_052,52
2,54,mol2vec_053,53
2,55,mol2vec_054,54
2,56,mol2vec_055,55
2,57,mol2vec_056,56
2,58,mol2vec_057,57
2,59,mol2vec_058,58
2,60,mol2vec_059,59
2,61,mol2vec_060,60
2,62,mol2vec_061,61
2,63,mol2vec_062,62
2,64,mol2vec_063,63
2,65,feature_157,221
2,66,feature_709,773
2,67,feature_817,881
2,68,feature_855,919
2,69,feature_322,386
2,70,feature_57,121
2,71,feature_447,511
2,72,feature_117,181
2,73,feature_726,790
2,74,feature_515,579
2,75,feature_32,96
2,76,feature_526,590
2,77,feature_889,953
2,78,feature_231,295
2,79,feature_346,410
2,80,feature_695,759
2,81,feature_694,758
2,82,feature_15,79
2,83,feature_620,684
2,84,feature_376,440
2,85,feature_405,469
2,86,feature_1002,1066
2,87,feature_180,244
2,88,feature_452,516
2,89,feature_879,943
2,90,feature_775,839
2,91,feature_553,617
2,92,feature_187,251
2,93,feature_797,861
2,94,feature_375,439
2,95,feature_364,428
2,96,feature_116,180
2,97,feature_94,158
2,98,feature_807,871
2,99,feature_973,1037
2,100,feature_414,478
2,101,feature_708,772
2,102,feature_959,1023
2,103,feature_735,799
2,104,feature_104,168
2,105,feature_566,630
2,106,feature_409,473
2,107,feature_22,86
2,108,feature_304,368
2,109,feature_48,112
2,110,feature_684,748
2,111,feature_742,806
2,112,feature_825,889
2,113,feature_913,977
2,114,feature_473,537
2,115,feature_290,354
2,116,feature_792,856
2,117,feature_689,753
2,118,feature_142,206
2,119,feature_521,585
2,120,feature_529,593
2,121,feature_341,405
2,122,feature_416,480
2,123,feature_1020,1084
2,124,feature_659,723
2,125,feature_591,655
2,126,feature_489,553
2,127,feature_293,357
2,128,feature_804,868
2,129,feature_348,412
2,130,feature_219,283
2,131,feature_612,676
2,132,feature_477,541
2,133,feature_833,897
2,134,feature_138,202
2,135,feature_333,397
2,136,feature_488,552
2,137,feature_403,467
2,138,feature_243,307
2,139,feature_861,925
2,140,feature_641,705
2,141,feature_867,931
2,142,feature_326,390
2,143,feature_983,1047
2,144,feature_170,234
2,145,feature_693,757
2,146,feature_960,1024
2,147,feature_970,1034
2,148,feature_656,720
2,149,feature_338,402
2,150,feature_386,450
2,151,feature_755,819
2,152,feature_181,245
2,153,feature_925,989
2,154,feature_990,1054
2,155,feature_896,960
2,156,feature_371,435
2,157,feature_769,833
2,158,feature_209,273
2,159,feature_374,438
2,160,feature_587,651
2,161,feature_795,859
2,162,feature_572,636
2,163,feature_368,432
2,164,feature_74,138
2,165,feature_65,129
2,166,feature_711,775
2,167,feature_464,528
2,168,feature_573,637
2,169,feature_88,152
2,170,feature_263,327
2,171,feature_718,782
2,172,feature_198,262
2,173,feature_852,916
2,174,feature_604,668
2,175,feature_459,523
2,176,feature_460,524
2,177,feature_517,581
2,178,feature_786,850
2,179,feature_685,749
2,180,feature_558,622
2,181,feature_556,620
2,182,feature_930,994
2,183,feature_381,445
2,184,feature_483,547
2,185,feature_363,427
2,186,feature_9,73
2,187,feature_343,407
2,188,feature_992,1056
2,189,feature_834,898
2,190,feature_210,274
2,191,feature_576,640
2,192,feature_780,844
2,193,feature_954,1018
2,194,feature_900,964
2,195,feature_513,577
2,196,feature_601,665
2,197,feature_938,1002
2,198,feature_1008,1072
2,199,feature_609,673
2,200,feature_417,481
2,201,feature_337,401
2,202,feature_355,419
2,203,feature_779,843
2,204,feature_981,1045
2,205,feature_902,966
2,206,feature_978,1042
2,207,feature_129,193
2,208,feature_284,348
2,209,feature_451,515
2,210,feature_27,91
2,211,feature_649,713
2,212,feature_793,857
2,213,feature_136,200
2,214,feature_350,414
2,215,feature_565,629
2,216,feature_637,701
2,217,feature_228,292
2,218,feature_43,107
2,219,feature_359,423
2,220,feature_340,404
2,221,feature_271,335
2,222,feature_894,958
2,223,feature_512,576
2,224,feature_606,670
2,225,feature_6,70
2,226,feature_125,189
2,227,feature_84,148
2,228,feature_738,802
2,229,feature_849,913
2,230,feature_446,510
2,231,feature_404,468
2,232,feature_325,389
2,233,feature_646,710
2,234,feature_503,567
2,235,feature_121,185
2,236,feature_390,454
2,237,feature_541,605
2,238,feature_277,341
2,239,feature_365,429
2,240,feature_845,909
2,241,feature_691,755
2,242,feature_497,561
2,243,feature_172,236
2,244,feature_802,866
2,245,feature_470,534
2,246,feature_366,430
2,247,feature_432,496
2,248,feature_643,707
2,249,feature_730,794
2,250,feature_1017,1081
2,251,feature_171,235
2,252,feature_652,716
2,253,feature_536,600
2,254,feature_880,944
2,255,feature_998,1062
2,256,feature_445,509
2,257,feature_128,192
2,258,feature_415,479
2,259,feature_254,318
2,260,feature_34,98
2,261,feature_837,901
2,262,feature_922,986
2,263,feature_866,930
2,264,feature_640,704
2,265,feature_79,143
2,266,feature_818,882
2,267,feature_496,560
2,268,feature_312,376
2,269,feature_823,887
2,270,feature_510,574
2,271,feature_936,1000
2,272,feature_547,611
2,273,feature_275,339
2,274,feature_77,141
2,275,feature_58,122
2,276,feature_406,470
2,277,feature_412,476
2,278,feature_173,237
2,279,feature_80,144
2,280,feature_677,741
2,281,feature_179,243
2,282,feature_757,821
2,283,feature_402,466
2,284,feature_428,492
2,285,feature_647,711
2,286,feature_953,1017
2,287,feature_768,832
2,288,feature_712,776
2,289,feature_851,915
2,290,feature_425,489
2,291,feature_548,612
2,292,feature_927,991
2,293,feature_873,937
2,294,feature_7,71
2,295,feature_991,1055
2,296,feature_605,669
2,297,feature_748,812
2,298,feature_370,434
2,299,feature_593,657
2,300,feature_102,166
2,301,feature_836,900
2,302,feature_28,92
2,303,feature_811,875
2,304,feature_608,672
2,305,feature_595,659
2,306,feature_898,962
2,307,feature_808,872
2,308,feature_166,230
2,309,feature_741,805
2,310,feature_654,718
2,311,feature_923,987
2,312,feature_993,1057
2,313,feature_50,114
2,314,feature_52,116
2,315,feature_30,94
2,316,feature_197,261
2,317,feature_611,675
2,318,feature_645,709
2,319,feature_342,406
2,320,feature_418,482
2,321,feature_250,314
2,322,feature_67,131
2,323,feature_760,824
2,324,feature_778,842
2,325,feature_105,169
2,326,feature_737,801
2,327,feature_858,922
2,328,feature_856,920
2,329,feature_1019,1083
2,330,feature_675,739
2,331,feature_499,563
2,332,feature_751,815
2,333,feature_141,205
2,334,feature_334,398
2,335,feature_1000,1064
2,336,feature_201,265
2,337,feature_932,996
2,338,feature_899,963
2,339,feature_498,562
2,340,feature_234,298
2,341,feature_391,455
2,342,feature_216,280
2,343,feature_940,1004
2,344,feature_344,408
2,345,feature_81,145
2,346,feature_638,702
2,347,feature_815,879
2,348,feature_436,500
2,349,feature_812,876
2,350,feature_773,837
2,351,feature_676,740
2,352,feature_86,150
2,353,feature_382,446
2,354,feature_706,770
2,355,feature_847,911
2,356,feature_816,880
2,357,feature_194,258
2,358,feature_665,729
2,359,feature_103,167
2,360,feature_178,242
2,361,feature_947,1011
2,362,feature_630,694
2,363,feature_838,902
2,364,feature_260,324
2,365,feature_336,400
2,366,feature_101,165
2,367,feature_1003,1067
2,368,feature_787,851
2,369,feature_471,535
2,370,feature_288,352
2,371,feature_152,216
2,372,feature_634,698
2,373,feature_968,1032
2,374,feature_137,201
2,375,feature_805,869
2,376,feature_399,463
2,377,feature_396,460
2,378,feature_621,685
2,379,feature_859,923
2,380,feature_279,343
2,381,feature_698,762
2,382,feature_840,904
2,383,feature_217,281
2,384,feature_54,118
3,1,mol2vec_000,0
3,2,mol2vec_001,1
3,3,mol2vec_002,2
3,4,mol2vec_003,3
3,5,mol2vec_004,4
3,6,mol2vec_005,5
3,7,mol2vec_006,6
3,8,mol2vec_007,7
3,9,mol2vec_008,8
3,10,mol2vec_009,9
3,11,mol2vec_010,10
3,12,mol2vec_011,11
3,13,mol2vec_012,12
3,14,mol2vec_013,13
3,15,mol2vec_014,14
3,16,mol2vec_015,15
3,17,mol2vec_016,16
3,18,mol2vec_017,17
3,19,mol2vec_018,18
3,20,mol2vec_019,19
3,21,mol2vec_020,20
3,22,mol2vec_021,21
3,23,mol2vec_022,22
3,24,mol2vec_023,23
3,25,mol2vec_024,24
3,26,mol2vec_025,25
3,27,mol2vec_026,26
3,28,mol2vec_027,27
3,29,mol2vec_028,28
3,30,mol2vec_029,29
3,31,mol2vec_030,30
3,32,mol2vec_031,31
3,33,mol2vec_032,32
3,34,mol2vec_033,33
3,35,mol2vec_034,34
3,36,mol2vec_035,35
3,37,mol2vec_036,36
3,38,mol2vec_037,37
3,39,mol2vec_038,38
3,40,mol2vec_039,39
3,41,mol2vec_040,40
3,42,mol2vec_041,41
3,43,mol2vec_042,42
3,44,mol2vec_043,43
3,45,mol2vec_044,44
3,46,mol2vec_045,45
3,47,mol2vec_046,46
3,48,mol2vec_047,47
3,49,mol2vec_048,48
3,50,mol2vec_049,49
3,51,mol2vec_050,50
3,52,mol2vec_051,51
3,53,mol2vec_052,52
3,54,mol2vec_053,53
3,55,mol2vec_054,54
3,56,mol2vec_055,55
3,57,mol2vec_056,56
3,58,mol2vec_057,57
3,59,mol2vec_058,58
3,60,mol2vec_059,59
3,61,mol2vec_060,60
3,62,mol2vec_061,61
3,63,mol2vec_062,62
3,64,mol2vec_063,63
3,65,feature_157,221
3,66,feature_709,773
3,67,feature_817,881
3,68,feature_855,919
3,69,feature_32,96
3,70,feature_322,386
3,71,feature_726,790
3,72,feature_117,181
3,73,feature_447,511
3,74,feature_57,121
3,75,feature_414,478
3,76,feature_104,168
3,77,feature_209,273
3,78,feature_526,590
3,79,feature_231,295
3,80,feature_346,410
3,81,feature_807,871
3,82,feature_775,839
3,83,feature_695,759
3,84,feature_1002,1066
3,85,feature_335,399
3,86,feature_376,440
3,87,feature_15,79
3,88,feature_364,428
3,89,feature_708,772
3,90,feature_405,469
3,91,feature_620,684
3,92,feature_889,953
3,93,feature_768,832
3,94,feature_181,245
3,95,feature_735,799
3,96,feature_694,758
3,97,feature_375,439
3,98,feature_894,958
3,99,feature_797,861
3,100,feature_326,390
3,101,feature_587,651
3,102,feature_825,889
3,103,feature_179,243
3,104,feature_538,602
3,105,feature_290,354
3,106,feature_386,450
3,107,feature_180,244
3,108,feature_913,977
3,109,feature_22,86
3,110,feature_802,866
3,111,feature_101,165
3,112,feature_341,405
3,113,feature_138,202
3,114,feature_645,709
3,115,feature_689,753
3,116,feature_563,627
3,117,feature_381,445
3,118,feature_10,74
3,119,feature_187,251
3,120,feature_508,572
3,121,feature_325,389
3,122,feature_488,552
3,123,feature_263,327
3,124,feature_742,806
3,125,feature_515,579
3,126,feature_973,1037
3,127,feature_572,636
3,128,feature_274,338
3,129,feature_659,723
3,130,feature_922,986
3,131,feature_277,341
3,132,feature_473,537
3,133,feature_419,483
3,134,feature_646,710
3,135,feature_329,393
3,136,feature_42,106
3,137,feature_904,968
3,138,feature_452,516
3,139,feature_96,160
3,140,feature_755,819
3,141,feature_424,488
3,142,feature_136,200
3,143,feature_65,129
3,144,feature_702,766
3,145,feature_304,368
3,146,feature_654,718
3,147,feature_252,316
3,148,feature_403,467
3,149,feature_927,991
3,150,feature_993,1057
3,151,feature_225,289
3,152,feature_556,620
3,153,feature_934,998
3,154,feature_730,794
3,155,feature_968,1032
3,156,feature_595,659
3,157,feature_409,473
3,158,feature_938,1002
3,159,feature_959,1023
3,160,feature_593,657
3,161,feature_751,815
3,162,feature_121,185
3,163,feature_70,134
3,164,feature_166,230
3,165,feature_861,925
3,166,feature_662,726
3,167,feature_902,966
3,168,feature_399,463
3,169,feature_966,1030
3,170,feature_978,1042
3,171,feature_1020,1084
3,172,feature_477,541
3,173,feature_9,73
3,174,feature_675,739
3,175,feature_249,313
3,176,feature_851,915
3,177,feature_641,705
3,178,feature_940,1004
3,179,feature_787,851
3,180,feature_485,549
3,181,feature_216,280
3,182,feature_416,480
3,183,feature_333,397
3,184,feature_293,357
3,185,feature_330,394
3,186,feature_267,331
3,187,feature_771,835
3,188,feature_833,897
3,189,feature_2,66
3,190,feature_254,318
3,191,feature_517,581
3,192,feature_725,789
3,193,feature_624,688
3,194,feature_142,206
3,195,feature_732,796
3,196,feature_684,748
3,197,feature_961,1025
3,198,feature_823,887
3,199,feature_896,960
3,200,feature_553,617
3,201,feature_173,237
3,202,feature_27,91
3,203,feature_498,562
3,204,feature_483,547
3,205,feature_88,152
3,206,feature_992,1056
3,207,feature_915,979
3,208,feature_428,492
3,209,feature_836,900
3,210,feature_524,588
3,211,feature_242,306
3,212,feature_693,757
3,213,feature_50,114
3,214,feature_970,1034
3,215,feature_841,905
3,216,feature_54,118
3,217,feature_369,433
3,218,feature_355,419
3,219,feature_899,963
3,220,feature_873,937
3,221,feature_445,509
3,222,feature_116,180
3,223,feature_745,809
3,224,feature_547,611
3,225,feature_107,171
3,226,feature_258,322
3,227,feature_739,803
3,228,feature_285,349
3,229,feature_619,683
3,230,feature_227,291
3,231,feature_372,436
3,232,feature_171,235
3,233,feature_103,167
3,234,feature_780,844
3,235,feature_48,112
3,236,feature_351,415
3,237,feature_183,247
3,238,feature_625,689
3,239,feature_152,216
3,240,feature_747,811
3,241,feature_644,708
3,242,feature_541,605
3,243,feature_208,272
3,244,feature_33,97
3,245,feature_87,151
3,246,feature_176,240
3,247,feature_657,721
3,248,feature_237,301
3,249,feature_647,711
3,250,feature_7,71
3,251,feature_311,375
3,252,feature_170,234
3,253,feature_36,100
3,254,feature_336,400
3,255,feature_0,64
3,256,feature_879,943
3,257,feature_37,101
3,258,feature_354,418
3,259,feature_786,850
3,260,feature_34,98
3,261,feature_259,323
3,262,feature_683,747
3,263,feature_931,995
3,264,feature_611,675
3,265,feature_746,810
3,266,feature_925,989
3,267,feature_983,1047
3,268,feature_214,278
3,269,feature_217,281
3,270,feature_696,760
3,271,feature_649,713
3,272,feature_721,785
3,273,feature_612,676
3,274,feature_497,561
3,275,feature_271,335
3,276,feature_798,862
3,277,feature_465,529
3,278,feature_492,556
3,279,feature_680,744
3,280,feature_839,903
3,281,feature_64,128
3,282,feature_591,655
3,283,feature_356,420
3,284,feature_379,443
3,285,feature_374,438
3,286,feature_194,258
3,287,feature_849,913
3,288,feature_402,466
3,289,feature_269,333
3,290,feature_400,464
3,291,feature_688,752
3,292,feature_867,931
3,293,feature_6,70
3,294,feature_882,946
3,295,feature_284,348
3,296,feature_574,638
3,297,feature_1000,1064
3,298,feature_609,673
3,299,feature_82,146
3,300,feature_359,423
3,301,feature_866,930
3,302,feature_793,857
3,303,feature_327,391
3,304,feature_561,625
3,305,feature_155,219
3,306,feature_383,447
3,307,feature_143,207
3,308,feature_779,843
3,309,feature_496,560
3,310,feature_660,724
3,311,feature_863,927
3,312,feature_44,108
3,313,feature_990,1054
3,314,feature_794,858
3,315,feature_880,944
3,316,feature_344,408
3,317,feature_79,143
3,318,feature_949,1013
3,319,feature_947,1011
3,320,feature_28,92
3,321,feature_308,372
3,322,feature_897,961
3,323,feature_460,524
3,324,feature_363,427
3,325,feature_521,585
3,326,feature_239,303
3,327,feature_139,203
3,328,feature_63,127
3,329,feature_149,213
3,330,feature_19,83
3,331,feature_94,158
3,332,feature_55,119
3,333,feature_606,670
3,334,feature_197,261
3,335,feature_844,908
3,336,feature_618,682
3,337,feature_661,725
3,338,feature_1022,1086
3,339,feature_704,768
3,340,feature_253,317
3,341,feature_852,916
3,342,feature_294,358
3,343,feature_743,807
3,344,feature_581,645
3,345,feature_846,910
3,346,feature_301,365
3,347,feature_637,701
3,348,feature_491,555
3,349,feature_377,441
3,350,feature_191,255
3,351,feature_671,735
3,352,feature_318,382
3,353,feature_257,321
3,354,feature_756,820
3,355,feature_137,201
3,356,feature_250,314
3,357,feature_189,253
3,358,feature_482,546
3,359,feature_370,434
3,360,feature_90,154
3,361,feature_720,784
3,362,feature_161,225
3,363,feature_4,68
3,364,feature_106,170
3,365,feature_958,1022
3,366,feature_93,157
3,367,feature_467,531
3,368,feature_67,131
3,369,feature_1013,1077
3,370,feature_562,626
3,371,feature_446,510
3,372,feature_1007,1071
3,373,feature_729,793
3,374,feature_124,188
3,375,feature_512,576
3,376,feature_72,136
3,377,feature_607,671
3,378,feature_52,116
3,379,feature_921,985
3,380,feature_302,366
3,381,feature_99,163
3,382,feature_523,587
3,383,feature_76,140
3,384,feature_792,856
4,1,mol2vec_000,0
4,2,mol2vec_001,1
4,3,mol2vec_002,2
4,4,mol2vec_003,3
4,5,mol2vec_004,4
4,6,mol2vec_005,5
4,7,mol2vec_006,6
4,8,mol2vec_007,7
4,9,mol2vec_008,8
4,10,mol2vec_009,9
4,11,mol2vec_010,10
4,12,mol2vec_011,11
4,13,mol2vec_012,12
4,14,mol2vec_013,13
4,15,mol2vec_014,14
4,16,mol2vec_015,15
4,17,mol2vec_016,16
4,18,mol2vec_017,17
4,19,mol2vec_018,18
4,20,mol2vec_019,19
4,21,mol2vec_020,20
4,22,mol2vec_021,21
4,23,mol2vec_022,22
4,24,mol2vec_023,23
4,25,mol2vec_024,24
4,26,mol2vec_025,25
4,27,mol2vec_026,26
4,28,mol2vec_027,27
4,29,mol2vec_028,28
4,30,mol2vec_029,29
4,31,mol2vec_030,30
4,32,mol2vec_031,31
4,33,mol2vec_032,32
4,34,mol2vec_033,33
4,35,mol2vec_034,34
4,36,mol2vec_035,35
4,37,mol2vec_036,36
4,38,mol2vec_037,37
4,39,mol2vec_038,38
4,40,mol2vec_039,39
4,41,mol2vec_040,40
4,42,mol2vec_041,41
4,43,mol2vec_042,42
4,44,mol2vec_043,43
4,45,mol2vec_044,44
4,46,mol2vec_045,45
4,47,mol2vec_046,46
4,48,mol2vec_047,47
4,49,mol2vec_048,48
4,50,mol2vec_049,49
4,51,mol2vec_050,50
4,52,mol2vec_051,51
4,53,mol2vec_052,52
4,54,mol2vec_053,53
4,55,mol2vec_054,54
4,56,mol2vec_055,55
4,57,mol2vec_056,56
4,58,mol2vec_057,57
4,59,mol2vec_058,58
4,60,mol2vec_059,59
4,61,mol2vec_060,60
4,62,mol2vec_061,61
4,63,mol2vec_062,62
4,64,mol2vec_063,63
4,65,feature_157,221
4,66,feature_709,773
4,67,feature_817,881
4,68,feature_447,511
4,69,feature_855,919
4,70,feature_414,478
4,71,feature_322,386
4,72,feature_117,181
4,73,feature_726,790
4,74,feature_57,121
4,75,feature_15,79
4,76,feature_708,772
4,77,feature_104,168
4,78,feature_375,439
4,79,feature_346,410
4,80,feature_1002,1066
4,81,feature_695,759
4,82,feature_209,273
4,83,feature_526,590
4,84,feature_405,469
4,85,feature_659,723
4,86,feature_889,953
4,87,feature_742,806
4,88,feature_515,579
4,89,feature_180,244
4,90,feature_231,295
4,91,feature_94,158
4,92,feature_553,617
4,93,feature_694,758
4,94,feature_32,96
4,95,feature_654,718
4,96,feature_787,851
4,97,feature_74,138
4,98,feature_187,251
4,99,feature_807,871
4,100,feature_376,440
4,101,feature_121,185
4,102,feature_325,389
4,103,feature_364,428
4,104,feature_477,541
4,105,feature_735,799
4,106,feature_64,128
4,107,feature_315,379
4,108,feature_810,874
4,109,feature_587,651
4,110,feature_452,516
4,111,feature_894,958
4,112,feature_416,480
4,113,feature_934,998
4,114,feature_1003,1067
4,115,feature_335,399
4,116,feature_913,977
4,117,feature_116,180
4,118,feature_326,390
4,119,feature_563,627
4,120,feature_879,943
4,121,feature_179,243
4,122,feature_573,637
4,123,feature_802,866
4,124,feature_775,839
4,125,feature_896,960
4,126,feature_780,844
4,127,feature_9,73
4,128,feature_566,630
4,129,feature_340,404
4,130,feature_968,1032
4,131,feature_576,640
4,132,feature_620,684
4,133,feature_861,925
4,134,feature_529,593
4,135,feature_501,565
4,136,feature_973,1037
4,137,feature_1020,1084
4,138,feature_816,880
4,139,feature_768,832
4,140,feature_508,572
4,141,feature_284,348
4,142,feature_7,71
4,143,feature_1019,1083
4,144,feature_930,994
4,145,feature_146,210
4,146,feature_502,566
4,147,feature_48,112
4,148,feature_486,550
4,149,feature_818,882
4,150,feature_22,86
4,151,feature_683,747
4,152,feature_201,265
4,153,feature_991,1055
4,154,feature_900,964
4,155,feature_50,114
4,156,feature_417,481
4,157,feature_341,405
4,158,feature_275,339
4,159,feature_797,861
4,160,feature_992,1056
4,161,feature_484,548
4,162,feature_136,200
4,163,feature_421,485
4,164,feature_497,561
4,165,feature_866,930
4,166,feature_521,585
4,167,feature_809,873
4,168,feature_333,397
4,169,feature_96,160
4,170,feature_966,1030
4,171,feature_203,267
4,172,feature_348,412
4,173,feature_344,408
4,174,feature_381,445
4,175,feature_657,721
4,176,feature_317,381
4,177,feature_129,193
4,178,feature_409,473
4,179,feature_745,809
4,180,feature_649,713
4,181,feature_800,864
4,182,feature_267,331
4,183,feature_854,918
4,184,feature_839,903
4,185,feature_233,297
4,186,feature_293,357
4,187,feature_959,1023
4,188,feature_197,261
4,189,feature_139,203
4,190,feature_79,143
4,191,feature_162,226
4,192,feature_826,890
4,193,feature_882,946
4,194,feature_684,748
4,195,feature_14,78
4,196,feature_42,106
4,197,feature_34,98
4,198,feature_938,1002
4,199,feature_491,555
4,200,feature_338,402
4,201,feature_953,1017
4,202,feature_646,710
4,203,feature_634,698
4,204,feature_556,620
4,205,feature_227,291
4,206,feature_263,327
4,207,feature_645,709
4,208,feature_425,489
4,209,feature_970,1034
4,210,feature_427,491
4,211,feature_373,437
4,212,feature_629,693
4,213,feature_8,72
4,214,feature_290,354
4,215,feature_503,567
4,216,feature_987,1051
4,217,feature_285,349
4,218,feature_922,986
4,219,feature_88,152
4,220,feature_185,249
4,221,feature_583,647
4,222,feature_483,547
4,223,feature_977,1041
4,224,feature_171,235
4,225,feature_301,365
4,226,feature_386,450
4,227,feature_947,1011
4,228,feature_936,1000
4,229,feature_990,1054
4,230,feature_86,150
4,231,feature_460,524
4,232,feature_123,187
4,233,feature_274,338
4,234,feature_1016,1080
4,235,feature_698,762
4,236,feature_393,457
4,237,feature_693,757
4,238,feature_737,801
4,239,feature_517,581
4,240,feature_758,822
4,241,feature_54,118
4,242,feature_538,602
4,243,feature_899,963
4,244,feature_81,145
4,245,feature_250,314
4,246,feature_881,945
4,247,feature_942,1006
4,248,feature_300,364
4,249,feature_406,470
4,250,feature_642,706
4,251,feature_432,496
4,252,feature_131,195
4,253,feature_257,321
4,254,feature_296,360
4,255,feature_262,326
4,256,feature_564,628
4,257,feature_851,915
4,258,feature_739,803
4,259,feature_932,996
4,260,feature_880,944
4,261,feature_1017,1081
4,262,feature_558,622
4,263,feature_412,476
4,264,feature_403,467
4,265,feature_606,670
4,266,feature_974,1038
4,267,feature_318,382
4,268,feature_958,1022
4,269,feature_656,720
4,270,feature_329,393
4,271,feature_177,241
4,272,feature_641,705
4,273,feature_13,77
4,274,feature_744,808
4,275,feature_662,726
4,276,feature_675,739
4,277,feature_441,505
4,278,feature_404,468
4,279,feature_451,515
4,280,feature_850,914
4,281,feature_838,902
4,282,feature_651,715
4,283,feature_823,887
4,284,feature_473,537
4,285,feature_759,823
4,286,feature_291,355
4,287,feature_997,1061
4,288,feature_647,711
4,289,feature_792,856
4,290,feature_488,552
4,291,feature_877,941
4,292,feature_661,725
4,293,feature_825,889
4,294,feature_379,443
4,295,feature_294,358
4,296,feature_253,317
4,297,feature_161,225
4,298,feature_964,1028
4,299,feature_574,638
4,300,feature_591,655
4,301,feature_632,696
4,302,feature_324,388
4,303,feature_208,272
4,304,feature_26,90
4,305,feature_687,751
4,306,feature_612,676
4,307,feature_804,868
4,308,feature_466,530
4,309,feature_402,466
4,310,feature_52,116
4,311,feature_1023,1087
4,312,feature_222,286
4,313,feature_689,753
4,314,feature_28,92
4,315,feature_470,534
4,316,feature_150,214
4,317,feature_778,842
4,318,feature_143,207
4,319,feature_457,521
4,320,feature_51,115
4,321,feature_288,352
4,322,feature_41,105
4,323,feature_753,817
4,324,feature_98,162
4,325,feature_308,372
4,326,feature_217,281
4,327,feature_480,544
4,328,feature_202,266
4,329,feature_833,897
4,330,feature_867,931
4,331,feature_21,85
4,332,feature_533,597
4,333,feature_314,378
4,334,feature_383,447
4,335,feature_304,368
4,336,feature_993,1057
4,337,feature_805,869
4,338,feature_771,835
4,339,feature_408,472
4,340,feature_652,716
4,341,feature_225,289
4,342,feature_23,87
4,343,feature_496,560
4,344,feature_510,574
4,345,feature_465,529
4,346,feature_221,285
4,347,feature_902,966
4,348,feature_336,400
4,349,feature_858,922
4,350,feature_733,797
4,351,feature_176,240
4,352,feature_960,1024
4,353,feature_1015,1079
4,354,feature_845,909
4,355,feature_844,908
4,356,feature_368,432
4,357,feature_439,503
4,358,feature_512,576
4,359,feature_803,867
4,360,feature_92,156
4,361,feature_367,431
4,362,feature_609,673
4,363,feature_937,1001
4,364,feature_832,896
4,365,feature_461,525
4,366,feature_174,238
4,367,feature_862,926
4,368,feature_639,703
4,369,feature_18,82
4,370,feature_749,813
4,371,feature_380,444
4,372,feature_630,694
4,373,feature_2,66
4,374,feature_545,609
4,375,feature_73,137
4,376,feature_716,780
4,377,feature_998,1062
4,378,feature_135,199
4,379,feature_736,800
4,380,feature_240,304
4,381,feature_828,892
4,382,feature_433,497
4,383,feature_891,955
4,384,feature_530,594
5,1,mol2vec_000,0
5,2,mol2vec_001,1
5,3,mol2vec_002,2
5,4,mol2vec_003,3
5,5,mol2vec_004,4
5,6,mol2vec_005,5
5,7,mol2vec_006,6
5,8,mol2vec_007,7
5,9,mol2vec_008,8
5,10,mol2vec_009,9
5,11,mol2vec_010,10
5,12,mol2vec_011,11
5,13,mol2vec_012,12
5,14,mol2vec_013,13
5,15,mol2vec_014,14
5,16,mol2vec_015,15
5,17,mol2vec_016,16
5,18,mol2vec_017,17
5,19,mol2vec_018,18
5,20,mol2vec_019,19
5,21,mol2vec_020,20
5,22,mol2vec_021,21
5,23,mol2vec_022,22
5,24,mol2vec_023,23
5,25,mol2vec_024,24
5,26,mol2vec_025,25
5,27,mol2vec_026,26
5,28,mol2vec_027,27
5,29,mol2vec_028,28
5,30,mol2vec_029,29
5,31,mol2vec_030,30
5,32,mol2vec_031,31
5,33,mol2vec_032,32
5,34,mol2vec_033,33
5,35,mol2vec_034,34
5,36,mol2vec_035,35
5,37,mol2vec_036,36
5,38,mol2vec_037,37
5,39,mol2vec_038,38
5,40,mol2vec_039,39
5,41,mol2vec_040,40
5,42,mol2vec_041,41
5,43,mol2vec_042,42
5,44,mol2vec_043,43
5,45,mol2vec_044,44
5,46,mol2vec_045,45
5,47,mol2vec_046,46
5,48,mol2vec_047,47
5,49,mol2vec_048,48
5,50,mol2vec_049,49
5,51,mol2vec_050,50
5,52,mol2vec_051,51
5,53,mol2vec_052,52
5,54,mol2vec_053,53
5,55,mol2vec_054,54
5,56,mol2vec_055,55
5,57,mol2vec_056,56
5,58,mol2vec_057,57
5,59,mol2vec_058,58
5,60,mol2vec_059,59
5,61,mol2vec_060,60
5,62,mol2vec_061,61
5,63,mol2vec_062,62
5,64,mol2vec_063,63
5,65,feature_157,221
5,66,feature_709,773
5,67,feature_817,881
5,68,feature_32,96
5,69,feature_447,511
5,70,feature_117,181
5,71,feature_855,919
5,72,feature_57,121
5,73,feature_322,386
5,74,feature_726,790
5,75,feature_104,168
5,76,feature_620,684
5,77,feature_1002,1066
5,78,feature_375,439
5,79,feature_775,839
5,80,feature_15,79
5,81,feature_346,410
5,82,feature_612,676
5,83,feature_209,273
5,84,feature_889,953
5,85,feature_708,772
5,86,feature_405,469
5,87,feature_187,251
5,88,feature_553,617
5,89,feature_689,753
5,90,feature_825,889
5,91,feature_179,243
5,92,feature_364,428
5,93,feature_515,579
5,94,feature_489,553
5,95,feature_896,960
5,96,feature_695,759
5,97,feature_231,295
5,98,feature_526,590
5,99,feature_325,389
5,100,feature_529,593
5,101,feature_735,799
5,102,feature_694,758
5,103,feature_376,440
5,104,feature_267,331
5,105,feature_290,354
5,106,feature_180,244
5,107,feature_807,871
5,108,feature_48,112
5,109,feature_22,86
5,110,feature_867,931
5,111,feature_416,480
5,112,feature_930,994
5,113,feature_333,397
5,114,feature_335,399
5,115,feature_414,478
5,116,feature_194,258
5,117,feature_742,806
5,118,feature_136,200
5,119,feature_116,180
5,120,feature_409,473
5,121,feature_973,1037
5,122,feature_572,636
5,123,feature_138,202
5,124,feature_959,1023
5,125,feature_452,516
5,126,feature_922,986
5,127,feature_556,620
5,128,feature_473,537
5,129,feature_176,240
5,130,feature_593,657
5,131,feature_768,832
5,132,feature_567,631
5,133,feature_894,958
5,134,feature_591,655
5,135,feature_483,547
5,136,feature_294,358
5,137,feature_263,327
5,138,feature_1020,1084
5,139,feature_793,857
5,140,feature_693,757
5,141,feature_797,861
5,142,feature_170,234
5,143,feature_822,886
5,144,feature_582,646
5,145,feature_299,363
5,146,feature_601,665
5,147,feature_966,1030
5,148,feature_189,253
5,149,feature_991,1055
5,150,feature_502,566
5,151,feature_432,496
5,152,feature_225,289
5,153,feature_403,467
5,154,feature_595,659
5,155,feature_810,874
5,156,feature_491,555
5,157,feature_201,265
5,158,feature_178,242
5,159,feature_284,348
5,160,feature_659,723
5,161,feature_58,122
5,162,feature_576,640
5,163,feature_341,405
5,164,feature_125,189
5,165,feature_404,468
5,166,feature_898,962
5,167,feature_587,651
5,168,feature_498,562
5,169,feature_27,91
5,170,feature_897,961
5,171,feature_9,73
5,172,feature_992,1056
5,173,feature_352,416
5,174,feature_787,851
5,175,feature_638,702
5,176,feature_367,431
5,177,feature_928,992
5,178,feature_702,766
5,179,feature_374,438
5,180,feature_560,624
5,181,feature_198,262
5,182,feature_142,206
5,183,feature_859,923
5,184,feature_101,165
5,185,feature_684,748
5,186,feature_445,509
5,187,feature_121,185
5,188,feature_837,901
5,189,feature_563,627
5,190,feature_243,307
5,191,feature_821,885
5,192,feature_983,1047
5,193,feature_329,393
5,194,feature_731,795
5,195,feature_365,429
5,196,feature_866,930
5,197,feature_493,557
5,198,feature_348,412
5,199,feature_645,709
5,200,feature_804,868
5,201,feature_10,74
5,202,feature_913,977
5,203,feature_183,247
5,204,feature_624,688
5,205,feature_538,602
5,206,feature_38,102
5,207,feature_947,1011
5,208,feature_392,456
5,209,feature_938,1002
5,210,feature_292,356
5,211,feature_3,67
5,212,feature_477,541
5,213,feature_547,611
5,214,feature_641,705
5,215,feature_393,457
5,216,feature_531,595
5,217,feature_42,106
5,218,feature_968,1032
5,219,feature_7,71
5,220,feature_150,214
5,221,feature_237,301
5,222,feature_737,801
5,223,feature_516,580
5,224,feature_171,235
5,225,feature_64,128
5,226,feature_621,685
5,227,feature_690,754
5,228,feature_315,379
5,229,feature_425,489
5,230,feature_633,697
5,231,feature_978,1042
5,232,feature_381,445
5,233,feature_541,605
5,234,feature_79,143
5,235,feature_84,148
5,236,feature_646,710
5,237,feature_634,698
5,238,feature_802,866
5,239,feature_508,572
5,240,feature_318,382
5,241,feature_512,576
5,242,feature_831,895
5,243,feature_657,721
5,244,feature_617,681
5,245,feature_488,552
5,246,feature_451,515
5,247,feature_557,621
5,248,feature_778,842
5,249,feature_803,867
5,250,feature_259,323
5,251,feature_604,668
5,252,feature_936,1000
5,253,feature_396,460
5,254,feature_683,747
5,255,feature_818,882
5,256,feature_674,738
5,257,feature_981,1045
5,258,feature_202,266
5,259,feature_586,650
5,260,feature_359,423
5,261,feature_727,791
5,262,feature_190,254
5,263,feature_149,213
5,264,feature_324,388
5,265,feature_692,756
5,266,feature_524,588
5,267,feature_173,237
5,268,feature_293,357
5,269,feature_771,835
5,270,feature_326,390
5,271,feature_2,66
5,272,feature_654,718
5,273,feature_907,971
5,274,feature_240,304
5,275,feature_16,80
5,276,feature_752,816
5,277,feature_691,755
5,278,feature_472,536
5,279,feature_815,879
5,280,feature_566,630
5,281,feature_533,597
5,282,feature_650,714
5,283,feature_12,76
5,284,feature_976,1040
5,285,feature_308,372
5,286,feature_738,802
5,287,feature_421,485
5,288,feature_271,335
5,289,feature_585,649
5,290,feature_250,314
5,291,feature_795,859
5,292,feature_386,450
5,293,feature_544,608
5,294,feature_380,444
5,295,feature_110,174
5,296,feature_609,673
5,297,feature_5,69
5,298,feature_0,64
5,299,feature_123,187
5,300,feature_406,470
5,301,feature_849,913
5,302,feature_729,793
5,303,feature_461,525
5,304,feature_834,898
5,305,feature_83,147
5,306,feature_812,876
5,307,feature_279,343
5,308,feature_336,400
5,309,feature_1001,1065
5,310,feature_705,769
5,311,feature_185,249
5,312,feature_858,922
5,313,feature_107,171
5,314,feature_73,137
5,315,feature_700,764
5,316,feature_698,762
5,317,feature_871,935
5,318,feature_256,320
5,319,feature_1017,1081
5,320,feature_424,488
5,321,feature_520,584
5,322,feature_218,282
5,323,feature_514,578
5,324,feature_460,524
5,325,feature_63,127
5,326,feature_193,257
5,327,feature_94,158
5,328,feature_712,776
5,329,feature_172,236
5,330,feature_262,326
5,331,feature_229,293
5,332,feature_833,897
5,333,feature_751,815
5,334,feature_216,280
5,335,feature_384,448
5,336,feature_304,368
5,337,feature_521,585
5,338,feature_750,814
5,339,feature_1013,1077
5,340,feature_839,903
5,341,feature_987,1051
5,342,feature_780,844
5,343,feature_197,261
5,344,feature_419,483
5,345,feature_899,963
5,346,feature_1007,1071
5,347,feature_332,396
5,348,feature_847,911
5,349,feature_372,436
5,350,feature_773,837
5,351,feature_343,407
5,352,feature_816,880
5,353,feature_647,711
5,354,feature_823,887
5,355,feature_934,998
5,356,feature_390,454
5,357,feature_665,729
5,358,feature_745,809
5,359,feature_946,1010
5,360,feature_462,526
5,361,feature_623,687
5,362,feature_327,391
5,363,feature_464,528
5,364,feature_297,361
5,365,feature_901,965
5,366,feature_60,124
5,367,feature_115,179
5,368,feature_765,829
5,369,feature_323,387
5,370,feature_70,134
5,371,feature_181,245
5,372,feature_417,481
5,373,feature_93,157
5,374,feature_925,989
5,375,feature_796,860
5,376,feature_482,546
5,377,feature_970,1034
5,378,feature_501,565
5,379,feature_211,275
5,380,feature_1023,1087
5,381,feature_357,421
5,382,feature_721,785
5,383,feature_814,878
5,384,feature_72,136
6,1,mol2vec_000,0
6,2,mol2vec_001,1
6,3,mol2vec_002,2
6,4,mol2vec_003,3
6,5,mol2vec_004,4
6,6,mol2vec_005,5
6,7,mol2vec_006,6
6,8,mol2vec_007,7
6,9,mol2vec_008,8
6,10,mol2vec_009,9
6,11,mol2vec_010,10
6,12,mol2vec_011,11
6,13,mol2vec_012,12
6,14,mol2vec_013,13
6,15,mol2vec_014,14
6,16,mol2vec_015,15
6,17,mol2vec_016,16
6,18,mol2vec_017,17
6,19,mol2vec_018,18
6,20,mol2vec_019,19
6,21,mol2vec_020,20
6,22,mol2vec_021,21
6,23,mol2vec_022,22
6,24,mol2vec_023,23
6,25,mol2vec_024,24
6,26,mol2vec_025,25
6,27,mol2vec_026,26
6,28,mol2vec_027,27
6,29,mol2vec_028,28
6,30,mol2vec_029,29
6,31,mol2vec_030,30
6,32,mol2vec_031,31
6,33,mol2vec_032,32
6,34,mol2vec_033,33
6,35,mol2vec_034,34
6,36,mol2vec_035,35
6,37,mol2vec_036,36
6,38,mol2vec_037,37
6,39,mol2vec_038,38
6,40,mol2vec_039,39
6,41,mol2vec_040,40
6,42,mol2vec_041,41
6,43,mol2vec_042,42
6,44,mol2vec_043,43
6,45,mol2vec_044,44
6,46,mol2vec_045,45
6,47,mol2vec_046,46
6,48,mol2vec_047,47
6,49,mol2vec_048,48
6,50,mol2vec_049,49
6,51,mol2vec_050,50
6,52,mol2vec_051,51
6,53,mol2vec_052,52
6,54,mol2vec_053,53
6,55,mol2vec_054,54
6,56,mol2vec_055,55
6,57,mol2vec_056,56
6,58,mol2vec_057,57
6,59,mol2vec_058,58
6,60,mol2vec_059,59
6,61,mol2vec_060,60
6,62,mol2vec_061,61
6,63,mol2vec_062,62
6,64,mol2vec_063,63
6,65,feature_157,221
6,66,feature_709,773
6,67,feature_817,881
6,68,feature_726,790
6,69,feature_855,919
6,70,feature_447,511
6,71,feature_322,386
6,72,feature_117,181
6,73,feature_775,839
6,74,feature_889,953
6,75,feature_695,759
6,76,feature_32,96
6,77,feature_231,295
6,78,feature_57,121
6,79,feature_694,758
6,80,feature_735,799
6,81,feature_104,168
6,82,feature_15,79
6,83,feature_708,772
6,84,feature_807,871
6,85,feature_452,516
6,86,feature_526,590
6,87,feature_405,469
6,88,feature_414,478
6,89,feature_364,428
6,90,feature_138,202
6,91,feature_620,684
6,92,feature_566,630
6,93,feature_529,593
6,94,feature_179,243
6,95,feature_553,617
6,96,feature_375,439
6,97,feature_849,913
6,98,feature_209,273
6,99,feature_515,579
6,100,feature_416,480
6,101,feature_473,537
6,102,feature_335,399
6,103,feature_187,251
6,104,feature_645,709
6,105,feature_659,723
6,106,feature_683,747
6,107,feature_22,86
6,108,feature_810,874
6,109,feature_48,112
6,110,feature_28,92
6,111,feature_409,473
6,112,feature_572,636
6,113,feature_201,265
6,114,feature_243,307
6,115,feature_333,397
6,116,feature_793,857
6,117,feature_1002,1066
6,118,feature_486,550
6,119,feature_802,866
6,120,feature_497,561
6,121,feature_913,977
6,122,feature_742,806
6,123,feature_136,200
6,124,feature_421,485
6,125,feature_867,931
6,126,feature_894,958
6,127,feature_477,541
6,128,feature_263,327
6,129,feature_363,427
6,130,feature_689,753
6,131,feature_882,946
6,132,feature_992,1056
6,133,feature_90,154
6,134,feature_170,234
6,135,feature_94,158
6,136,feature_1003,1067
6,137,feature_787,851
6,138,feature_83,147
6,139,feature_879,943
6,140,feature_171,235
6,141,feature_101,165
6,142,feature_180,244
6,143,feature_376,440
6,144,feature_833,897
6,145,feature_759,823
6,146,feature_503,567
6,147,feature_612,676
6,148,feature_121,185
6,149,feature_755,819
6,150,feature_367,431
6,151,feature_116,180
6,152,feature_290,354
6,153,feature_59,123
6,154,feature_3,67
6,155,feature_483,547
6,156,feature_451,515
6,157,feature_839,903
6,158,feature_521,585
6,159,feature_541,605
6,160,feature_134,198
6,161,feature_649,713
6,162,feature_959,1023
6,163,feature_897,961
6,164,feature_809,873
6,165,feature_341,405
6,166,feature_122,186
6,167,feature_825,889
6,168,feature_125,189
6,169,feature_408,472
6,170,feature_346,410
6,171,feature_704,768
6,172,feature_904,968
6,173,feature_222,286
6,174,feature_294,358
6,175,feature_654,718
6,176,feature_72,136
6,177,feature_176,240
6,178,feature_425,489
6,179,feature_41,105
6,180,feature_910,974
6,181,feature_576,640
6,182,feature_348,412
6,183,feature_354,418
6,184,feature_88,152
6,185,feature_386,450
6,186,feature_565,629
6,187,feature_73,137
6,188,feature_693,757
6,189,feature_881,945
6,190,feature_239,303
6,191,feature_273,337
6,192,feature_189,253
6,193,feature_326,390
6,194,feature_42,106
6,195,feature_587,651
6,196,feature_564,628
6,197,feature_404,468
6,198,feature_27,91
6,199,feature_657,721
6,200,feature_1020,1084
6,201,feature_381,445
6,202,feature_829,893
6,203,feature_818,882
6,204,feature_792,856
6,205,feature_419,483
6,206,feature_220,284
6,207,feature_803,867
6,208,feature_267,331
6,209,feature_181,245
6,210,feature_325,389
6,211,feature_356,420
6,212,feature_973,1037
6,213,feature_411,475
6,214,feature_246,310
6,215,feature_403,467
6,216,feature_406,470
6,217,feature_162,226
6,218,feature_337,401
6,219,feature_198,262
6,220,feature_185,249
6,221,feature_446,510
6,222,feature_892,956
6,223,feature_102,166
6,224,feature_293,357
6,225,feature_999,1063
6,226,feature_197,261
6,227,feature_390,454
6,228,feature_489,553
6,229,feature_812,876
6,230,feature_284,348
6,231,feature_174,238
6,232,feature_956,1020
6,233,feature_573,637
6,234,feature_712,776
6,235,feature_621,685
6,236,feature_646,710
6,237,feature_9,73
6,238,feature_949,1013
6,239,feature_637,701
6,240,feature_141,205
6,241,feature_652,716
6,242,feature_861,925
6,243,feature_798,862
6,244,feature_834,898
6,245,feature_974,1038
6,246,feature_131,195
6,247,feature_142,206
6,248,feature_768,832
6,249,feature_6,70
6,250,feature_225,289
6,251,feature_126,190
6,252,feature_304,368
6,253,feature_641,705
6,254,feature_33,97
6,255,feature_968,1032
6,256,feature_417,481
6,257,feature_371,435
6,258,feature_431,495
6,259,feature_365,429
6,260,feature_152,216
6,261,feature_362,426
6,262,feature_795,859
6,263,feature_67,131
6,264,feature_871,935
6,265,feature_711,775
6,266,feature_671,735
6,267,feature_823,887
6,268,feature_933,997
6,269,feature_614,678
6,270,feature_586,650
6,271,feature_464,528
6,272,feature_722,786
6,273,feature_219,283
6,274,feature_368,432
6,275,feature_336,400
6,276,feature_602,666
6,277,feature_374,438
6,278,feature_600,664
6,279,feature_357,421
6,280,feature_391,455
6,281,feature_460,524
6,282,feature_615,679
6,283,feature_1017,1081
6,284,feature_314,378
6,285,feature_605,669
6,286,feature_815,879
6,287,feature_778,842
6,288,feature_806,870
6,289,feature_928,992
6,290,feature_744,808
6,291,feature_523,587
6,292,feature_866,930
6,293,feature_64,128
6,294,feature_544,608
6,295,feature_983,1047
6,296,feature_737,801
6,297,feature_578,642
6,298,feature_156,220
6,299,feature_887,951
6,300,feature_380,444
6,301,feature_900,964
6,302,feature_271,335
6,303,feature_858,922
6,304,feature_880,944
6,305,feature_705,769
6,306,feature_780,844
6,307,feature_647,711
6,308,feature_118,182
6,309,feature_899,963
6,310,feature_274,338
6,311,feature_315,379
6,312,feature_832,896
6,313,feature_24,88
6,314,feature_877,941
6,315,feature_512,576
6,316,feature_124,188
6,317,feature_62,126
6,318,feature_567,631
6,319,feature_2,66
6,320,feature_433,497
6,321,feature_638,702
6,322,feature_1,65
6,323,feature_733,797
6,324,feature_902,966
6,325,feature_1007,1071
6,326,feature_617,681
6,327,feature_702,766
6,328,feature_930,994
6,329,feature_34,98
6,330,feature_385,449
6,331,feature_624,688
6,332,feature_987,1051
6,333,feature_1010,1074
6,334,feature_912,976
6,335,feature_950,1014
6,336,feature_607,671
6,337,feature_549,613
6,338,feature_870,934
6,339,feature_53,117
6,340,feature_217,281
6,341,feature_65,129
6,342,feature_841,905
6,343,feature_953,1017
6,344,feature_922,986
6,345,feature_301,365
6,346,feature_730,794
6,347,feature_630,694
6,348,feature_465,529
6,349,feature_732,796
6,350,feature_896,960
6,351,feature_656,720
6,352,feature_370,434
6,353,feature_663,727
6,354,feature_302,366
6,355,feature_107,171
6,356,feature_606,670
6,357,feature_149,213
6,358,feature_166,230
6,359,feature_958,1022
6,360,feature_202,266
6,361,feature_120,184
6,362,feature_976,1040
6,363,feature_150,214
6,364,feature_192,256
6,365,feature_21,85
6,366,feature_82,146
6,367,feature_1015,1079
6,368,feature_914,978
6,369,feature_890,954
6,370,feature_940,1004
6,371,feature_212,276
6,372,feature_168,232
6,373,feature_475,539
6,374,feature_255,319
6,375,feature_581,645
6,376,feature_299,363
6,377,feature_980,1044
6,378,feature_318,382
6,379,feature_599,663
6,380,feature_334,398
6,381,feature_905,969
6,382,feature_661,725
6,383,feature_276,340
6,384,feature_996,1060
7,1,mol2vec_000,0
7,2,mol2vec_001,1
7,3,mol2vec_002,2
7,4,mol2vec_003,3
7,5,mol2vec_004,4
7,6,mol2vec_005,5
7,7,mol2vec_006,6
7,8,mol2vec_007,7
7,9,mol2vec_008,8
7,10,mol2vec_009,9
7,11,mol2vec_010,10
7,12,mol2vec_011,11
7,13,mol2vec_012,12
7,14,mol2vec_013,13
7,15,mol2vec_014,14
7,16,mol2vec_015,15
7,17,mol2vec_016,16
7,18,mol2vec_017,17
7,19,mol2vec_018,18
7,20,mol2vec_019,19
7,21,mol2vec_020,20
7,22,mol2vec_021,21
7,23,mol2vec_022,22
7,24,mol2vec_023,23
7,25,mol2vec_024,24
7,26,mol2vec_025,25
7,27,mol2vec_026,26
7,28,mol2vec_027,27
7,29,mol2vec_028,28
7,30,mol2vec_029,29
7,31,mol2vec_030,30
7,32,mol2vec_031,31
7,33,mol2vec_032,32
7,34,mol2vec_033,33
7,35,mol2vec_034,34
7,36,mol2vec_035,35
7,37,mol2vec_036,36
7,38,mol2vec_037,37
7,39,mol2vec_038,38
7,40,mol2vec_039,39
7,41,mol2vec_040,40
7,42,mol2vec_041,41
7,43,mol2vec_042,42
7,44,mol2vec_043,43
7,45,mol2vec_044,44
7,46,mol2vec_045,45
7,47,mol2vec_046,46
7,48,mol2vec_047,47
7,49,mol2vec_048,48
7,50,mol2vec_049,49
7,51,mol2vec_050,50
7,52,mol2vec_051,51
7,53,mol2vec_052,52
7,54,mol2vec_053,53
7,55,mol2vec_054,54
7,56,mol2vec_055,55
7,57,mol2vec_056,56
7,58,mol2vec_057,57
7,59,mol2vec_058,58
7,60,mol2vec_059,59
7,61,mol2vec_060,60
7,62,mol2vec_061,61
7,63,mol2vec_062,62
7,64,mol2vec_063,63
7,65,feature_157,221
7,66,feature_709,773
7,67,feature_855,919
7,68,feature_817,881
7,69,feature_447,511
7,70,feature_726,790
7,71,feature_209,273
7,72,feature_322,386
7,73,feature_889,953
7,74,feature_57,121
7,75,feature_117,181
7,76,feature_32,96
7,77,feature_414,478
7,78,feature_346,410
7,79,feature_1002,1066
7,80,feature_807,871
7,81,feature_825,889
7,82,feature_526,590
7,83,feature_116,180
7,84,feature_694,758
7,85,feature_231,295
7,86,feature_973,1037
7,87,feature_180,244
7,88,feature_553,617
7,89,feature_659,723
7,90,feature_375,439
7,91,feature_104,168
7,92,feature_333,397
7,93,feature_620,684
7,94,feature_15,79
7,95,feature_452,516
7,96,feature_22,86
7,97,feature_646,710
7,98,feature_515,579
7,99,feature_325,389
7,100,feature_477,541
7,101,feature_563,627
7,102,feature_775,839
7,103,feature_405,469
7,104,feature_695,759
7,105,feature_94,158
7,106,feature_9,73
7,107,feature_708,772
7,108,feature_364,428
7,109,feature_416,480
7,110,feature_376,440
7,111,feature_528,592
7,112,feature_101,165
7,113,feature_538,602
7,114,feature_473,537
7,115,feature_961,1025
7,116,feature_460,524
7,117,feature_201,265
7,118,feature_689,753
7,119,feature_502,566
7,120,feature_179,243
7,121,feature_335,399
7,122,feature_267,331
7,123,feature_381,445
7,124,feature_176,240
7,125,feature_348,412
7,126,feature_566,630
7,127,feature_735,799
7,128,feature_327,391
7,129,feature_879,943
7,130,feature_826,890
7,131,feature_59,123
7,132,feature_612,676
7,133,feature_587,651
7,134,feature_787,851
7,135,feature_65,129
7,136,feature_326,390
7,137,feature_187,251
7,138,feature_529,593
7,139,feature_243,307
7,140,feature_483,547
7,141,feature_136,200
7,142,feature_393,457
7,143,feature_981,1045
7,144,feature_367,431
7,145,feature_913,977
7,146,feature_284,348
7,147,feature_922,986
7,148,feature_693,757
7,149,feature_343,407
7,150,feature_645,709
7,151,feature_572,636
7,152,feature_780,844
7,153,feature_275,339
7,154,feature_712,776
7,155,feature_1020,1084
7,156,feature_171,235
7,157,feature_403,467
7,158,feature_417,481
7,159,feature_48,112
7,160,feature_18,82
7,161,feature_959,1023
7,162,feature_489,553
7,163,feature_793,857
7,164,feature_992,1056
7,165,feature_771,835
7,166,feature_662,726
7,167,feature_521,585
7,168,feature_880,944
7,169,feature_970,1034
7,170,feature_138,202
7,171,feature_88,152
7,172,feature_195,259
7,173,feature_166,230
7,174,feature_197,261
7,175,feature_881,945
7,176,feature_894,958
7,177,feature_74,138
7,178,feature_810,874
7,179,feature_691,755
7,180,feature_867,931
7,181,feature_465,529
7,182,feature_804,868
7,183,feature_385,449
7,184,feature_983,1047
7,185,feature_671,735
7,186,feature_733,797
7,187,feature_792,856
7,188,feature_383,447
7,189,feature_684,748
7,190,feature_818,882
7,191,feature_556,620
7,192,feature_753,817
7,193,feature_125,189
7,194,feature_159,223
7,195,feature_387,451
7,196,feature_661,725
7,197,feature_744,808
7,198,feature_374,438
7,199,feature_379,443
7,200,feature_680,744
7,201,feature_432,496
7,202,feature_504,568
7,203,feature_370,434
7,204,feature_123,187
7,205,feature_576,640
7,206,feature_121,185
7,207,feature_560,624
7,208,feature_386,450
7,209,feature_421,485
7,210,feature_547,611
7,211,feature_64,128
7,212,feature_90,154
7,213,feature_952,1016
7,214,feature_263,327
7,215,feature_573,637
7,216,feature_290,354
7,217,feature_674,738
7,218,feature_183,247
7,219,feature_260,324
7,220,feature_428,492
7,221,feature_718,782
7,222,feature_83,147
7,223,feature_649,713
7,224,feature_1003,1067
7,225,feature_654,718
7,226,feature_277,341
7,227,feature_838,902
7,228,feature_537,601
7,229,feature_966,1030
7,230,feature_833,897
7,231,feature_318,382
7,232,feature_255,319
7,233,feature_823,887
7,234,feature_464,528
7,235,feature_755,819
7,236,feature_476,540
7,237,feature_958,1022
7,238,feature_847,911
7,239,feature_355,419
7,240,feature_928,992
7,241,feature_133,197
7,242,feature_248,312
7,243,feature_940,1004
7,244,feature_210,274
7,245,feature_595,659
7,246,feature_750,814
7,247,feature_657,721
7,248,feature_107,171
7,249,feature_408,472
7,250,feature_861,925
7,251,feature_323,387
7,252,feature_636,700
7,253,feature_3,67
7,254,feature_930,994
7,255,feature_479,543
7,256,feature_731,795
7,257,feature_797,861
7,258,feature_2,66
7,259,feature_974,1038
7,260,feature_513,577
7,261,feature_129,193
7,262,feature_696,760
7,263,feature_768,832
7,264,feature_106,170
7,265,feature_336,400
7,266,feature_682,746
7,267,feature_688,752
7,268,feature_402,466
7,269,feature_282,346
7,270,feature_591,655
7,271,feature_368,432
7,272,feature_239,303
7,273,feature_849,913
7,274,feature_493,557
7,275,feature_299,363
7,276,feature_990,1054
7,277,feature_23,87
7,278,feature_614,678
7,279,feature_898,962
7,280,feature_265,329
7,281,feature_950,1014
7,282,feature_181,245
7,283,feature_214,278
7,284,feature_82,146
7,285,feature_42,106
7,286,feature_927,991
7,287,feature_957,1021
7,288,feature_161,225
7,289,feature_365,429
7,290,feature_732,796
7,291,feature_811,875
7,292,feature_729,793
7,293,feature_979,1043
7,294,feature_155,219
7,295,feature_500,564
7,296,feature_934,998
7,297,feature_482,546
7,298,feature_765,829
7,299,feature_310,374
7,300,feature_329,393
7,301,feature_704,768
7,302,feature_142,206
7,303,feature_338,402
7,304,feature_271,335
7,305,feature_565,629
7,306,feature_711,775
7,307,feature_58,122
7,308,feature_49,113
7,309,feature_143,207
7,310,feature_770,834
7,311,feature_409,473
7,312,feature_313,377
7,313,feature_786,850
7,314,feature_178,242
7,315,feature_552,616
7,316,feature_47,111
7,317,feature_809,873
7,318,feature_242,306
7,319,feature_451,515
7,320,feature_470,534
7,321,feature_250,314
7,322,feature_103,167
7,323,feature_6,70
7,324,feature_567,631
7,325,feature_624,688
7,326,feature_862,926
7,327,feature_154,218
7,328,feature_1019,1083
7,329,feature_345,409
7,330,feature_742,806
7,331,feature_1017,1081
7,332,feature_119,183
7,333,feature_571,635
7,334,feature_582,646
7,335,feature_497,561
7,336,feature_519,583
7,337,feature_615,679
7,338,feature_396,460
7,339,feature_347,411
7,340,feature_146,210
7,341,feature_189,253
7,342,feature_40,104
7,343,feature_902,966
7,344,feature_604,668
7,345,feature_554,618
7,346,feature_27,91
7,347,feature_964,1028
7,348,feature_200,264
7,349,feature_550,614
7,350,feature_185,249
7,351,feature_884,948
7,352,feature_443,507
7,353,feature_932,996
7,354,feature_834,898
7,355,feature_158,222
7,356,feature_291,355
7,357,feature_727,791
7,358,feature_830,894
7,359,feature_585,649
7,360,feature_503,567
7,361,feature_198,262
7,362,feature_989,1053
7,363,feature_599,663
7,364,feature_760,824
7,365,feature_531,595
7,366,feature_30,94
7,367,feature_498,562
7,368,feature_410,474
7,369,feature_441,505
7,370,feature_717,781
7,371,feature_505,569
7,372,feature_965,1029
7,373,feature_1023,1087
7,374,feature_190,254
7,375,feature_212,276
7,376,feature_222,286
7,377,feature_16,80
7,378,feature_137,201
7,379,feature_491,555
7,380,feature_0,64
7,381,feature_978,1042
7,382,feature_162,226
7,383,feature_29,93
7,384,feature_274,338
8,1,mol2vec_000,0
8,2,mol2vec_001,1
8,3,mol2vec_002,2
8,4,mol2vec_003,3
8,5,mol2vec_004,4
8,6,mol2vec_005,5
8,7,mol2vec_006,6
8,8,mol2vec_007,7
8,9,mol2vec_008,8
8,10,mol2vec_009,9
8,11,mol2vec_010,10
8,12,mol2vec_011,11
8,13,mol2vec_012,12
8,14,mol2vec_013,13
8,15,mol2vec_014,14
8,16,mol2vec_015,15
8,17,mol2vec_016,16
8,18,mol2vec_017,17
8,19,mol2vec_018,18
8,20,mol2vec_019,19
8,21,mol2vec_020,20
8,22,mol2vec_021,21
8,23,mol2vec_022,22
8,24,mol2vec_023,23
8,25,mol2vec_024,24
8,26,mol2vec_025,25
8,27,mol2vec_026,26
8,28,mol2vec_027,27
8,29,mol2vec_028,28
8,30,mol2vec_029,29
8,31,mol2vec_030,30
8,32,mol2vec_031,31
8,33,mol2vec_032,32
8,34,mol2vec_033,33
8,35,mol2vec_034,34
8,36,mol2vec_035,35
8,37,mol2vec_036,36
8,38,mol2vec_037,37
8,39,mol2vec_038,38
8,40,mol2vec_039,39
8,41,mol2vec_040,40
8,42,mol2vec_041,41
8,43,mol2vec_042,42
8,44,mol2vec_043,43
8,45,mol2vec_044,44
8,46,mol2vec_045,45
8,47,mol2vec_046,46
8,48,mol2vec_047,47
8,49,mol2vec_048,48
8,50,mol2vec_049,49
8,51,mol2vec_050,50
8,52,mol2vec_051,51
8,53,mol2vec_052,52
8,54,mol2vec_053,53
8,55,mol2vec_054,54
8,56,mol2vec_055,55
8,57,mol2vec_056,56
8,58,mol2vec_057,57
8,59,mol2vec_058,58
8,60,mol2vec_059,59
8,61,mol2vec_060,60
8,62,mol2vec_061,61
8,63,mol2vec_062,62
8,64,mol2vec_063,63
8,65,feature_157,221
8,66,feature_709,773
8,67,feature_855,919
8,68,feature_817,881
8,69,feature_447,511
8,70,feature_726,790
8,71,feature_117,181
8,72,feature_322,386
8,73,feature_414,478
8,74,feature_807,871
8,75,feature_57,121
8,76,feature_787,851
8,77,feature_694,758
8,78,feature_231,295
8,79,feature_15,79
8,80,feature_32,96
8,81,feature_825,889
8,82,feature_364,428
8,83,feature_1002,1066
8,84,feature_104,168
8,85,feature_695,759
8,86,feature_775,839
8,87,feature_346,410
8,88,feature_708,772
8,89,feature_889,953
8,90,feature_452,516
8,91,feature_22,86
8,92,feature_802,866
8,93,feature_526,590
8,94,feature_375,439
8,95,feature_136,200
8,96,feature_209,273
8,97,feature_659,723
8,98,feature_325,389
8,99,feature_48,112
8,100,feature_180,244
8,101,feature_416,480
8,102,feature_170,234
8,103,feature_405,469
8,104,feature_735,799
8,105,feature_10,74
8,106,feature_74,138
8,107,feature_121,185
8,108,feature_1020,1084
8,109,feature_194,258
8,110,feature_529,593
8,111,feature_335,399
8,112,feature_1007,1071
8,113,feature_409,473
8,114,feature_187,251
8,115,feature_867,931
8,116,feature_381,445
8,117,feature_116,180
8,118,feature_849,913
8,119,feature_173,237
8,120,feature_538,602
8,121,feature_573,637
8,122,feature_927,991
8,123,feature_294,358
8,124,feature_138,202
8,125,feature_572,636
8,126,feature_376,440
8,127,feature_793,857
8,128,feature_928,992
8,129,feature_179,243
8,130,feature_973,1037
8,131,feature_243,307
8,132,feature_64,128
8,133,feature_465,529
8,134,feature_879,943
8,135,feature_742,806
8,136,feature_620,684
8,137,feature_333,397
8,138,feature_836,900
8,139,feature_797,861
8,140,feature_424,488
8,141,feature_189,253
8,142,feature_549,613
8,143,feature_553,617
8,144,feature_106,170
8,145,feature_65,129
8,146,feature_477,541
8,147,feature_473,537
8,148,feature_839,903
8,149,feature_913,977
8,150,feature_341,405
8,151,feature_166,230
8,152,feature_654,718
8,153,feature_326,390
8,154,feature_181,245
8,155,feature_390,454
8,156,feature_162,226
8,157,feature_693,757
8,158,feature_684,748
8,159,feature_646,710
8,160,feature_981,1045
8,161,feature_587,651
8,162,feature_355,419
8,163,feature_411,475
8,164,feature_900,964
8,165,feature_556,620
8,166,feature_171,235
8,167,feature_284,348
8,168,feature_894,958
8,169,feature_582,646
8,170,feature_833,897
8,171,feature_498,562
8,172,feature_225,289
8,173,feature_560,624
8,174,feature_838,902
8,175,feature_661,725
8,176,feature_810,874
8,177,feature_324,388
8,178,feature_1003,1067
8,179,feature_899,963
8,180,feature_566,630
8,181,feature_417,481
8,182,feature_467,531
8,183,feature_961,1025
8,184,feature_815,879
8,185,feature_901,965
8,186,feature_260,324
8,187,feature_129,193
8,188,feature_940,1004
8,189,feature_818,882
8,190,feature_292,356
8,191,feature_861,925
8,192,feature_702,766
8,193,feature_403,467
8,194,feature_301,365
8,195,feature_299,363
8,196,feature_501,565
8,197,feature_675,739
8,198,feature_459,523
8,199,feature_922,986
8,200,feature_142,206
8,201,feature_425,489
8,202,feature_950,1014
8,203,feature_966,1030
8,204,feature_9,73
8,205,feature_780,844
8,206,feature_146,210
8,207,feature_279,343
8,208,feature_360,424
8,209,feature_908,972
8,210,feature_202,266
8,211,feature_185,249
8,212,feature_277,341
8,213,feature_841,905
8,214,feature_315,379
8,215,feature_747,811
8,216,feature_992,1056
8,217,feature_512,576
8,218,feature_124,188
8,219,feature_216,280
8,220,feature_493,557
8,221,feature_131,195
8,222,feature_39,103
8,223,feature_847,911
8,224,feature_327,391
8,225,feature_934,998
8,226,feature_293,357
8,227,feature_198,262
8,228,feature_125,189
8,229,feature_929,993
8,230,feature_393,457
8,231,feature_7,71
8,232,feature_407,471
8,233,feature_683,747
8,234,feature_652,716
8,235,feature_832,896
8,236,feature_568,632
8,237,feature_23,87
8,238,feature_1023,1087
8,239,feature_363,427
8,240,feature_755,819
8,241,feature_749,813
8,242,feature_83,147
8,243,feature_491,555
8,244,feature_968,1032
8,245,feature_154,218
8,246,feature_744,808
8,247,feature_54,118
8,248,feature_426,490
8,249,feature_186,250
8,250,feature_959,1023
8,251,feature_541,605
8,252,feature_0,64
8,253,feature_897,961
8,254,feature_531,595
8,255,feature_248,312
8,256,feature_1021,1085
8,257,feature_698,762
8,258,feature_374,438
8,259,feature_505,569
8,260,feature_638,702
8,261,feature_267,331
8,262,feature_460,524
8,263,feature_641,705
8,264,feature_736,800
8,265,feature_288,352
8,266,feature_830,894
8,267,feature_483,547
8,268,feature_12,76
8,269,feature_958,1022
8,270,feature_140,204
8,271,feature_657,721
8,272,feature_290,354
8,273,feature_788,852
8,274,feature_219,283
8,275,feature_811,875
8,276,feature_728,792
8,277,feature_896,960
8,278,feature_674,738
8,279,feature_271,335
8,280,feature_321,385
8,281,feature_874,938
8,282,feature_614,678
8,283,feature_858,922
8,284,feature_111,175
8,285,feature_94,158
8,286,feature_579,643
8,287,feature_645,709
8,288,feature_510,574
8,289,feature_319,383
8,290,feature_647,711
8,291,feature_866,930
8,292,feature_969,1033
8,293,feature_953,1017
8,294,feature_687,751
8,295,feature_249,313
8,296,feature_964,1028
8,297,feature_318,382
8,298,feature_254,318
8,299,feature_915,979
8,300,feature_418,482
8,301,feature_330,394
8,302,feature_313,377
8,303,feature_42,106
8,304,feature_91,155
8,305,feature_925,989
8,306,feature_574,638
8,307,feature_471,535
8,308,feature_343,407
8,309,feature_991,1055
8,310,feature_952,1016
8,311,feature_902,966
8,312,feature_88,152
8,313,feature_278,342
8,314,feature_348,412
8,315,feature_615,679
8,316,feature_367,431
8,317,feature_329,393
8,318,feature_397,461
8,319,feature_464,528
8,320,feature_764,828
8,321,feature_525,589
8,322,feature_27,91
8,323,feature_506,570
8,324,feature_18,82
8,325,feature_149,213
8,326,feature_768,832
8,327,feature_53,117
8,328,feature_128,192
8,329,feature_429,493
8,330,feature_451,515
8,331,feature_37,101
8,332,feature_197,261
8,333,feature_240,304
8,334,feature_396,460
8,335,feature_13,77
8,336,feature_297,361
8,337,feature_6,70
8,338,feature_118,182
8,339,feature_175,239
8,340,feature_264,328
8,341,feature_936,1000
8,342,feature_604,668
8,343,feature_1013,1077
8,344,feature_63,127
8,345,feature_408,472
8,346,feature_563,627
8,347,feature_666,730
8,348,feature_108,172
8,349,feature_656,720
8,350,feature_756,820
8,351,feature_70,134
8,352,feature_58,122
8,353,feature_617,681
8,354,feature_678,742
8,355,feature_882,946
8,356,feature_923,987
8,357,feature_169,233
8,358,feature_72,136
8,359,feature_84,148
8,360,feature_890,954
8,361,feature_721,785
8,362,feature_826,890
8,363,feature_30,94
8,364,feature_168,232
8,365,feature_983,1047
8,366,feature_503,567
8,367,feature_592,656
8,368,feature_712,776
8,369,feature_644,708
8,370,feature_347,411
8,371,feature_963,1027
8,372,feature_47,111
8,373,feature_218,282
8,374,feature_804,868
8,375,feature_521,585
8,376,feature_898,962
8,377,feature_854,918
8,378,feature_944,1008
8,379,feature_733,797
8,380,feature_562,626
8,381,feature_565,629
8,382,feature_484,548
8,383,feature_123,187
8,384,feature_682,746
9,1,mol2vec_000,0
9,2,mol2vec_001,1
9,3,mol2vec_002,2
9,4,mol2vec_003,3
9,5,mol2vec_004,4
9,6,mol2vec_005,5
9,7,mol2vec_006,6
9,8,mol2vec_007,7
9,9,mol2vec_008,8
9,10,mol2vec_009,9
9,11,mol2vec_010,10
9,12,mol2vec_011,11
9,13,mol2vec_012,12
9,14,mol2vec_013,13
9,15,mol2vec_014,14
9,16,mol2vec_015,15
9,17,mol2vec_016,16
9,18,mol2vec_017,17
9,19,mol2vec_018,18
9,20,mol2vec_019,19
9,21,mol2vec_020,20
9,22,mol2vec_021,21
9,23,mol2vec_022,22
9,24,mol2vec_023,23
9,25,mol2vec_024,24
9,26,mol2vec_025,25
9,27,mol2vec_026,26
9,28,mol2vec_027,27
9,29,mol2vec_028,28
9,30,mol2vec_029,29
9,31,mol2vec_030,30
9,32,mol2vec_031,31
9,33,mol2vec_032,32
9,34,mol2vec_033,33
9,35,mol2vec_034,34
9,36,mol2vec_035,35
9,37,mol2vec_036,36
9,38,mol2vec_037,37
9,39,mol2vec_038,38
9,40,mol2vec_039,39
9,41,mol2vec_040,40
9,42,mol2vec_041,41
9,43,mol2vec_042,42
9,44,mol2vec_043,43
9,45,mol2vec_044,44
9,46,mol2vec_045,45
9,47,mol2vec_046,46
9,48,mol2vec_047,47
9,49,mol2vec_048,48
9,50,mol2vec_049,49
9,51,mol2vec_050,50
9,52,mol2vec_051,51
9,53,mol2vec_052,52
9,54,mol2vec_053,53
9,55,mol2vec_054,54
9,56,mol2vec_055,55
9,57,mol2vec_056,56
9,58,mol2vec_057,57
9,59,mol2vec_058,58
9,60,mol2vec_059,59
9,61,mol2vec_060,60
9,62,mol2vec_061,61
9,63,mol2vec_062,62
9,64,mol2vec_063,63
9,65,feature_157,221
9,66,feature_709,773
9,67,feature_817,881
9,68,feature_447,511
9,69,feature_855,919
9,70,feature_32,96
9,71,feature_726,790
9,72,feature_414,478
9,73,feature_375,439
9,74,feature_117,181
9,75,feature_57,121
9,76,feature_694,758
9,77,feature_708,772
9,78,feature_231,295
9,79,feature_807,871
9,80,feature_209,273
9,81,feature_322,386
9,82,feature_526,590
9,83,feature_1002,1066
9,84,feature_775,839
9,85,feature_416,480
9,86,feature_104,168
9,87,feature_825,889
9,88,feature_335,399
9,89,feature_894,958
9,90,feature_452,516
9,91,feature_612,676
9,92,feature_346,410
9,93,feature_620,684
9,94,feature_659,723
9,95,feature_515,579
9,96,feature_409,473
9,97,feature_959,1023
9,98,feature_48,112
9,99,feature_689,753
9,100,feature_376,440
9,101,feature_405,469
9,102,feature_802,866
9,103,feature_364,428
9,104,feature_695,759
9,105,feature_889,953
9,106,feature_473,537
9,107,feature_187,251
9,108,feature_735,799
9,109,feature_587,651
9,110,feature_529,593
9,111,feature_325,389
9,112,feature_370,434
9,113,feature_1020,1084
9,114,feature_792,856
9,115,feature_742,806
9,116,feature_116,180
9,117,feature_572,636
9,118,feature_797,861
9,119,feature_9,73
9,120,feature_15,79
9,121,feature_94,158
9,122,feature_284,348
9,123,feature_553,617
9,124,feature_833,897
9,125,feature_938,1002
9,126,feature_654,718
9,127,feature_315,379
9,128,feature_927,991
9,129,feature_973,1037
9,130,feature_64,128
9,131,feature_646,710
9,132,feature_498,562
9,133,feature_483,547
9,134,feature_847,911
9,135,feature_274,338
9,136,feature_21,85
9,137,feature_136,200
9,138,feature_166,230
9,139,feature_593,657
9,140,feature_333,397
9,141,feature_691,755
9,142,feature_867,931
9,143,feature_179,243
9,144,feature_968,1032
9,145,feature_217,281
9,146,feature_221,285
9,147,feature_142,206
9,148,feature_556,620
9,149,feature_771,835
9,150,feature_131,195
9,151,feature_849,913
9,152,feature_1003,1067
9,153,feature_65,129
9,154,feature_981,1045
9,155,feature_243,307
9,156,feature_250,314
9,157,feature_70,134
9,158,feature_180,244
9,159,feature_922,986
9,160,feature_879,943
9,161,feature_417,481
9,162,feature_74,138
9,163,feature_293,357
9,164,feature_684,748
9,165,feature_573,637
9,166,feature_261,325
9,167,feature_326,390
9,168,feature_341,405
9,169,feature_329,393
9,170,feature_793,857
9,171,feature_197,261
9,172,feature_461,525
9,173,feature_763,827
9,174,feature_342,406
9,175,feature_260,324
9,176,feature_866,930
9,177,feature_185,249
9,178,feature_101,165
9,179,feature_323,387
9,180,feature_962,1026
9,181,feature_838,902
9,182,feature_304,368
9,183,feature_913,977
9,184,feature_992,1056
9,185,feature_183,247
9,186,feature_102,166
9,187,feature_663,727
9,188,feature_521,585
9,189,feature_83,147
9,190,feature_937,1001
9,191,feature_441,505
9,192,feature_517,581
9,193,feature_656,720
9,194,feature_294,358
9,195,feature_732,796
9,196,feature_998,1062
9,197,feature_84,148
9,198,feature_134,198
9,199,feature_693,757
9,200,feature_22,86
9,201,feature_10,74
9,202,feature_582,646
9,203,feature_662,726
9,204,feature_566,630
9,205,feature_181,245
9,206,feature_826,890
9,207,feature_563,627
9,208,feature_875,939
9,209,feature_263,327
9,210,feature_991,1055
9,211,feature_138,202
9,212,feature_532,596
9,213,feature_846,910
9,214,feature_970,1034
9,215,feature_896,960
9,216,feature_560,624
9,217,feature_502,566
9,218,feature_403,467
9,219,feature_146,210
9,220,feature_931,995
9,221,feature_90,154
9,222,feature_121,185
9,223,feature_350,414
9,224,feature_27,91
9,225,feature_255,319
9,226,feature_467,531
9,227,feature_702,766
9,228,feature_565,629
9,229,feature_497,561
9,230,feature_391,455
9,231,feature_755,819
9,232,feature_269,333
9,233,feature_25,89
9,234,feature_778,842
9,235,feature_520,584
9,236,feature_725,789
9,237,feature_986,1050
9,238,feature_367,431
9,239,feature_641,705
9,240,feature_645,709
9,241,feature_810,874
9,242,feature_7,71
9,243,feature_162,226
9,244,feature_835,899
9,245,feature_143,207
9,246,feature_188,252
9,247,feature_741,805
9,248,feature_477,541
9,249,feature_552,616
9,250,feature_836,900
9,251,feature_509,573
9,252,feature_465,529
9,253,feature_354,418
9,254,feature_900,964
9,255,feature_171,235
9,256,feature_832,896
9,257,feature_512,576
9,258,feature_506,570
9,259,feature_201,265
9,260,feature_87,151
9,261,feature_60,124
9,262,feature_653,717
9,263,feature_731,795
9,264,feature_317,381
9,265,feature_592,656
9,266,feature_739,803
9,267,feature_747,811
9,268,feature_812,876
9,269,feature_406,470
9,270,feature_905,969
9,271,feature_463,527
9,272,feature_424,488
9,273,feature_0,64
9,274,feature_687,751
9,275,feature_830,894
9,276,feature_839,903
9,277,feature_190,254
9,278,feature_956,1020
9,279,feature_953,1017
9,280,feature_219,283
9,281,feature_54,118
9,282,feature_752,816
9,283,feature_106,170
9,284,feature_50,114
9,285,feature_334,398
9,286,feature_37,101
9,287,feature_547,611
9,288,feature_665,729
9,289,feature_464,528
9,290,feature_361,425
9,291,feature_606,670
9,292,feature_864,928
9,293,feature_615,679
9,294,feature_610,674
9,295,feature_623,687
9,296,feature_917,981
9,297,feature_902,966
9,298,feature_934,998
9,299,feature_567,631
9,300,feature_240,304
9,301,feature_239,303
9,302,feature_541,605
9,303,feature_975,1039
9,304,feature_56,120
9,305,feature_254,318
9,306,feature_170,234
9,307,feature_585,649
9,308,feature_862,926
9,309,feature_897,961
9,310,feature_657,721
9,311,feature_421,485
9,312,feature_241,305
9,313,feature_508,572
9,314,feature_960,1024
9,315,feature_613,677
9,316,feature_661,725
9,317,feature_624,688
9,318,feature_400,464
9,319,feature_41,105
9,320,feature_276,340
9,321,feature_947,1011
9,322,feature_300,364
9,323,feature_600,664
9,324,feature_851,915
9,325,feature_1013,1077
9,326,feature_822,886
9,327,feature_492,556
9,328,feature_381,445
9,329,feature_638,702
9,330,feature_385,449
9,331,feature_920,984
9,332,feature_339,403
9,333,feature_418,482
9,334,feature_456,520
9,335,feature_952,1016
9,336,feature_158,222
9,337,feature_950,1014
9,338,feature_307,371
9,339,feature_433,497
9,340,feature_372,436
9,341,feature_110,174
9,342,feature_247,311
9,343,feature_275,339
9,344,feature_983,1047
9,345,feature_528,592
9,346,feature_487,551
9,347,feature_1015,1079
9,348,feature_290,354
9,349,feature_265,329
9,350,feature_58,122
9,351,feature_327,391
9,352,feature_974,1038
9,353,feature_914,978
9,354,feature_491,555
9,355,feature_351,415
9,356,feature_267,331
9,357,feature_471,535
9,358,feature_787,851
9,359,feature_804,868
9,360,feature_490,554
9,361,feature_66,130
9,362,feature_486,550
9,363,feature_324,388
9,364,feature_558,622
9,365,feature_675,739
9,366,feature_912,976
9,367,feature_538,602
9,368,feature_410,474
9,369,feature_519,583
9,370,feature_59,123
9,371,feature_733,797
9,372,feature_823,887
9,373,feature_271,335
9,374,feature_516,580
9,375,feature_278,342
9,376,feature_173,237
9,377,feature_699,763
9,378,feature_96,160
9,379,feature_44,108
9,380,feature_800,864
9,381,feature_643,707
9,382,feature_805,869
9,383,feature_425,489
9,384,feature_634,698
10,1,mol2vec_000,0
10,2,mol2vec_001,1
10,3,mol2vec_002,2
10,4,mol2vec_003,3
10,5,mol2vec_004,4
10,6,mol2vec_005,5
10,7,mol2vec_006,6
10,8,mol2vec_007,7
10,9,mol2vec_008,8
10,10,mol2vec_009,9
10,11,mol2vec_010,10
10,12,mol2vec_011,11
10,13,mol2vec_012,12
10,14,mol2vec_013,13
10,15,mol2vec_014,14
10,16,mol2vec_015,15
10,17,mol2vec_016,16
10,18,mol2vec_017,17
10,19,mol2vec_018,18
10,20,mol2vec_019,19
10,21,mol2vec_020,20
10,22,mol2vec_021,21
10,23,mol2vec_022,22
10,24,mol2vec_023,23
10,25,mol2vec_024,24
10,26,mol2vec_025,25
10,27,mol2vec_026,26
10,28,mol2vec_027,27
10,29,mol2vec_028,28
10,30,mol2vec_029,29
10,31,mol2vec_030,30
10,32,mol2vec_031,31
10,33,mol2vec_032,32
10,34,mol2vec_033,33
10,35,mol2vec_034,34
10,36,mol2vec_035,35
10,37,mol2vec_036,36
10,38,mol2vec_037,37
10,39,mol2vec_038,38
10,40,mol2vec_039,39
10,41,mol2vec_040,40
10,42,mol2vec_041,41
10,43,mol2vec_042,42
10,44,mol2vec_043,43
10,45,mol2vec_044,44
10,46,mol2vec_045,45
10,47,mol2vec_046,46
10,48,mol2vec_047,47
10,49,mol2vec_048,48
10,50,mol2vec_049,49
10,51,mol2vec_050,50
10,52,mol2vec_051,51
10,53,mol2vec_052,52
10,54,mol2vec_053,53
10,55,mol2vec_054,54
10,56,mol2vec_055,55
10,57,mol2vec_056,56
10,58,mol2vec_057,57
10,59,mol2vec_058,58
10,60,mol2vec_059,59
10,61,mol2vec_060,60
10,62,mol2vec_061,61
10,63,mol2vec_062,62
10,64,mol2vec_063,63
10,65,feature_855,919
10,66,feature_157,221
10,67,feature_709,773
10,68,feature_817,881
10,69,feature_447,511
10,70,feature_57,121
10,71,feature_775,839
10,72,feature_889,953
10,73,feature_726,790
10,74,feature_117,181
10,75,feature_375,439
10,76,feature_15,79
10,77,feature_695,759
10,78,feature_414,478
10,79,feature_620,684
10,80,feature_231,295
10,81,feature_807,871
10,82,feature_708,772
10,83,feature_32,96
10,84,feature_553,617
10,85,feature_209,273
10,86,feature_477,541
10,87,feature_322,386
10,88,feature_386,450
10,89,feature_22,86
10,90,feature_116,180
10,91,feature_694,758
10,92,feature_452,516
10,93,feature_529,593
10,94,feature_879,943
10,95,feature_187,251
10,96,feature_405,469
10,97,feature_659,723
10,98,feature_48,112
10,99,feature_65,129
10,100,feature_867,931
10,101,feature_104,168
10,102,feature_346,410
10,103,feature_473,537
10,104,feature_797,861
10,105,feature_483,547
10,106,feature_566,630
10,107,feature_572,636
10,108,feature_183,247
10,109,feature_341,405
10,110,feature_179,243
10,111,feature_689,753
10,112,feature_913,977
10,113,feature_243,307
10,114,feature_432,496
10,115,feature_831,895
10,116,feature_180,244
10,117,feature_922,986
10,118,feature_326,390
10,119,feature_74,138
10,120,feature_680,744
10,121,feature_693,757
10,122,feature_1002,1066
10,123,feature_125,189
10,124,feature_858,922
10,125,feature_587,651
10,126,feature_787,851
10,127,feature_742,806
10,128,feature_751,815
10,129,feature_409,473
10,130,feature_489,553
10,131,feature_327,391
10,132,feature_809,873
10,133,feature_556,620
10,134,feature_290,354
10,135,feature_800,864
10,136,feature_271,335
10,137,feature_336,400
10,138,feature_460,524
10,139,feature_973,1037
10,140,feature_376,440
10,141,feature_123,187
10,142,feature_1023,1087
10,143,feature_793,857
10,144,feature_849,913
10,145,feature_488,552
10,146,feature_465,529
10,147,feature_335,399
10,148,feature_810,874
10,149,feature_684,748
10,150,feature_64,128
10,151,feature_990,1054
10,152,feature_201,265
10,153,feature_136,200
10,154,feature_778,842
10,155,feature_894,958
10,156,feature_103,167
10,157,feature_612,676
10,158,feature_975,1039
10,159,feature_638,702
10,160,feature_812,876
10,161,feature_9,73
10,162,feature_84,148
10,163,feature_544,608
10,164,feature_521,585
10,165,feature_646,710
10,166,feature_595,659
10,167,feature_70,134
10,168,feature_143,207
10,169,feature_161,225
10,170,feature_325,389
10,171,feature_823,887
10,172,feature_818,882
10,173,feature_396,460
10,174,feature_154,218
10,175,feature_138,202
10,176,feature_992,1056
10,177,feature_333,397
10,178,feature_771,835
10,179,feature_779,843
10,180,feature_277,341
10,181,feature_877,941
10,182,feature_142,206
10,183,feature_176,240
10,184,feature_866,930
10,185,feature_173,237
10,186,feature_621,685
10,187,feature_825,889
10,188,feature_970,1034
10,189,feature_417,481
10,190,feature_329,393
10,191,feature_58,122
10,192,feature_882,946
10,193,feature_352,416
10,194,feature_938,1002
10,195,feature_293,357
10,196,feature_7,71
10,197,feature_156,220
10,198,feature_364,428
10,199,feature_1003,1067
10,200,feature_512,576
10,201,feature_836,900
10,202,feature_712,776
10,203,feature_997,1061
10,204,feature_762,826
10,205,feature_576,640
10,206,feature_338,402
10,207,feature_222,286
10,208,feature_88,152
10,209,feature_59,123
10,210,feature_696,760
10,211,feature_425,489
10,212,feature_240,304
10,213,feature_792,856
10,214,feature_508,572
10,215,feature_524,588
10,216,feature_654,718
10,217,feature_94,158
10,218,feature_670,734
10,219,feature_52,116
10,220,feature_565,629
10,221,feature_482,546
10,222,feature_134,198
10,223,feature_403,467
10,224,feature_934,998
10,225,feature_208,272
10,226,feature_645,709
10,227,feature_731,795
10,228,feature_959,1023
10,229,feature_861,925
10,230,feature_244,308
10,231,feature_739,803
10,232,feature_688,752
10,233,feature_728,792
10,234,feature_427,491
10,235,feature_280,344
10,236,feature_263,327
10,237,feature_560,624
10,238,feature_269,333
10,239,feature_941,1005
10,240,feature_50,114
10,241,feature_952,1016
10,242,feature_1020,1084
10,243,feature_564,628
10,244,feature_921,985
10,245,feature_2,66
10,246,feature_945,1009
10,247,feature_829,893
10,248,feature_6,70
10,249,feature_840,904
10,250,feature_186,250
10,251,feature_10,74
10,252,feature_299,363
10,253,feature_562,626
10,254,feature_437,501
10,255,feature_964,1028
10,256,feature_940,1004
10,257,feature_942,1006
10,258,feature_788,852
10,259,feature_275,339
10,260,feature_393,457
10,261,feature_318,382
10,262,feature_402,466
10,263,feature_1018,1082
10,264,feature_51,115
10,265,feature_484,548
10,266,feature_250,314
10,267,feature_675,739
10,268,feature_925,989
10,269,feature_26,90
10,270,feature_421,485
10,271,feature_410,474
10,272,feature_683,747
10,273,feature_687,751
10,274,feature_149,213
10,275,feature_424,488
10,276,feature_194,258
10,277,feature_991,1055
10,278,feature_411,475
10,279,feature_153,217
10,280,feature_526,590
10,281,feature_537,601
10,282,feature_137,201
10,283,feature_497,561
10,284,feature_150,214
10,285,feature_538,602
10,286,feature_356,420
10,287,feature_90,154
10,288,feature_98,162
10,289,feature_583,647
10,290,feature_563,627
10,291,feature_288,352
10,292,feature_634,698
10,293,feature_571,635
10,294,feature_955,1019
10,295,feature_534,598
10,296,feature_502,566
10,297,feature_691,755
10,298,feature_446,510
10,299,feature_245,309
10,300,feature_735,799
10,301,feature_802,866
10,302,feature_697,761
10,303,feature_962,1026
10,304,feature_151,215
10,305,feature_969,1033
10,306,feature_966,1030
10,307,feature_85,149
10,308,feature_750,814
10,309,feature_267,331
10,310,feature_340,404
10,311,feature_96,160
10,312,feature_192,256
10,313,feature_730,794
10,314,feature_624,688
10,315,feature_880,944
10,316,feature_40,104
10,317,feature_984,1048
10,318,feature_605,669
10,319,feature_493,557
10,320,feature_129,193
10,321,feature_433,497
10,322,feature_197,261
10,323,feature_603,667
10,324,feature_798,862
10,325,feature_254,318
10,326,feature_217,281
10,327,feature_459,523
10,328,feature_348,412
10,329,feature_174,238
10,330,feature_210,274
10,331,feature_702,766
10,332,feature_128,192
10,333,feature_795,859
10,334,feature_162,226
10,335,feature_673,737
10,336,feature_540,604
10,337,feature_549,613
10,338,feature_910,974
10,339,feature_367,431
10,340,feature_641,705
10,341,feature_155,219
10,342,feature_170,234
10,343,feature_102,166
10,344,feature_13,77
10,345,feature_121,185
10,346,feature_665,729
10,347,feature_826,890
10,348,feature_629,693
10,349,feature_755,819
10,350,feature_815,879
10,351,feature_890,954
10,352,feature_900,964
10,353,feature_664,728
10,354,feature_461,525
10,355,feature_782,846
10,356,feature_122,186
10,357,feature_732,796
10,358,feature_39,103
10,359,feature_960,1024
10,360,feature_768,832
10,361,feature_5,69
10,362,feature_27,91
10,363,feature_591,655
10,364,feature_686,750
10,365,feature_503,567
10,366,feature_0,64
10,367,feature_172,236
10,368,feature_547,611
10,369,feature_112,176
10,370,feature_1019,1083
10,371,feature_185,249
10,372,feature_320,384
10,373,feature_509,573
10,374,feature_577,641
10,375,feature_395,459
10,376,feature_668,732
10,377,feature_34,98
10,378,feature_379,443
10,379,feature_1014,1078
10,380,feature_278,342
10,381,feature_874,938
10,382,feature_276,340
10,383,feature_898,962
10,384,feature_803,867
